Year,Animal_Type,breed,cnt,total,share,rank_in_year_type,prev_cnt,yoy_cnt_diff,yoy_cnt_pct_change,prev_share,yoy_share_point_diff,yoy_share_pct_change
2023,CAT,ABYSSINIAN,23,17858,0.0013,18,,,,,,
2024,CAT,ABYSSINIAN,29,19157,0.0015,18,23,6,0.2609,0.0013,2.0E-4,0.1538
2025,CAT,ABYSSINIAN,26,15829,0.0016,18,29,-3,-0.1034,0.0015,1.0E-4,0.0667
2023,CAT,AMERICAN CURL,6,17858,3.0E-4,31,,,,,,
2024,CAT,AMERICAN CURL,10,19157,5.0E-4,26,6,4,0.6667,3.0E-4,2.0E-4,0.6667
2025,CAT,AMERICAN CURL,8,15829,5.0E-4,28,10,-2,-0.2,5.0E-4,0.0,0.0
2023,CAT,AMERICAN SHORTHAIR,85,17858,0.0048,12,,,,,,
2024,CAT,AMERICAN SHORTHAIR,151,19157,0.0079,9,85,66,0.7765,0.0048,0.0031,0.6458
2025,CAT,AMERICAN SHORTHAIR,193,15829,0.0122,5,151,42,0.2781,0.0079,0.0043,0.5443
2023,CAT,AMERICAN WIREHAIR,1,17858,1.0E-4,42,,,,,,
2024,CAT,AMERICAN WIREHAIR,3,19157,2.0E-4,38,1,2,2.0,1.0E-4,1.0E-4,1.0
2025,CAT,AMERICAN WIREHAIR,4,15829,3.0E-4,35,3,1,0.3333,2.0E-4,1.0E-4,0.5
2023,CAT,BALINESE,7,17858,4.0E-4,29,,,,,,
2024,CAT,BALINESE,8,19157,4.0E-4,30,7,1,0.1429,4.0E-4,0.0,0.0
2025,CAT,BALINESE,9,15829,6.0E-4,26,8,1,0.125,4.0E-4,2.0E-4,0.5
2023,CAT,BENGAL,152,17858,0.0085,7,,,,,,
2024,CAT,BENGAL,215,19157,0.0112,5,152,63,0.4145,0.0085,0.0027,0.3176
2025,CAT,BENGAL,163,15829,0.0103,9,215,-52,-0.2419,0.0112,-9.0E-4,-0.0804
2023,CAT,BIRMAN,7,17858,4.0E-4,30,,,,,,
2024,CAT,BIRMAN,10,19157,5.0E-4,27,7,3,0.4286,4.0E-4,1.0E-4,0.25
2025,CAT,BIRMAN,7,15829,4.0E-4,30,10,-3,-0.3,5.0E-4,-1.0E-4,-0.2
2025,CAT,BLACK,1,15829,1.0E-4,44,,,,,,
2025,CAT,BLACK WHITE SHO,1,15829,1.0E-4,45,,,,,,
2023,CAT,BOMBAY,37,17858,0.0021,14,,,,,,
2024,CAT,BOMBAY,69,19157,0.0036,13,37,32,0.8649,0.0021,0.0015,0.7143
2025,CAT,BOMBAY,64,15829,0.004,14,69,-5,-0.0725,0.0036,4.0E-4,0.1111
2023,CAT,BRITISH SHORTHAIR,129,17858,0.0072,9,,,,,,
2024,CAT,BRITISH SHORTHAIR,155,19157,0.0081,8,129,26,0.2016,0.0072,9.0E-4,0.125
2025,CAT,BRITISH SHORTHAIR,179,15829,0.0113,7,155,24,0.1548,0.0081,0.0032,0.3951
2023,CAT,BURMESE,37,17858,0.0021,15,,,,,,
2024,CAT,BURMESE,45,19157,0.0023,15,37,8,0.2162,0.0021,2.0E-4,0.0952
2025,CAT,BURMESE,27,15829,0.0017,16,45,-18,-0.4,0.0023,-6.0E-4,-0.2609
2023,CAT,CHANTILLY TIFFANY,5,17858,3.0E-4,32,,,,,,
2024,CAT,CHANTILLY TIFFANY,4,19157,2.0E-4,34,5,-1,-0.2,3.0E-4,-1.0E-4,-0.3333
2025,CAT,CHANTILLY TIFFANY,3,15829,2.0E-4,37,4,-1,-0.25,2.0E-4,0.0,0.0
2023,CAT,CHARTREUX,2,17858,1.0E-4,35,,,,,,
2024,CAT,CHARTREUX,4,19157,2.0E-4,35,2,2,1.0,1.0E-4,1.0E-4,1.0
2025,CAT,CHARTREUX,3,15829,2.0E-4,38,4,-1,-0.25,2.0E-4,0.0,0.0
2025,CAT,CLASSIC SHORT H,1,15829,1.0E-4,46,,,,,,
2023,CAT,COLORPOINT,1,17858,1.0E-4,43,,,,,,
2023,CAT,CORNISH REX,8,17858,4.0E-4,25,,,,,,
2024,CAT,CORNISH REX,8,19157,4.0E-4,31,8,0,0.0,4.0E-4,0.0,0.0
2025,CAT,CORNISH REX,9,15829,6.0E-4,27,8,1,0.125,4.0E-4,2.0E-4,0.5
2023,CAT,DEVON REX,25,17858,0.0014,17,,,,,,
2024,CAT,DEVON REX,42,19157,0.0022,16,25,17,0.68,0.0014,8.0E-4,0.5714
2025,CAT,DEVON REX,31,15829,0.002,15,42,-11,-0.2619,0.0022,-2.0E-4,-0.0909
2023,CAT,DOMESTIC LONGHAIR,1152,17858,0.0645,3,,,,,,
2024,CAT,DOMESTIC LONGHAIR,1281,19157,0.0669,3,1152,129,0.112,0.0645,0.0024,0.0372
2025,CAT,DOMESTIC LONGHAIR,1146,15829,0.0724,2,1281,-135,-0.1054,0.0669,0.0055,0.0822
2023,CAT,DOMESTIC MEDIUMHAIR,1777,17858,0.0995,2,,,,,,
2024,CAT,DOMESTIC MEDIUMHAIR,1598,19157,0.0834,2,1777,-179,-0.1007,0.0995,-0.0161,-0.1618
2025,CAT,DOMESTIC MEDIUMHAIR,1049,15829,0.0663,3,1598,-549,-0.3436,0.0834,-0.0171,-0.205
2025,CAT,DOMESTIC MIXED,1,15829,1.0E-4,47,,,,,,
2023,CAT,DOMESTIC SHORTHAIR,13213,17858,0.7399,1,,,,,,
2024,CAT,DOMESTIC SHORTHAIR,14195,19157,0.741,1,13213,982,0.0743,0.7399,0.0011,0.0015
2025,CAT,DOMESTIC SHORTHAIR,11701,15829,0.7392,1,14195,-2494,-0.1757,0.741,-0.0018,-0.0024
2025,CAT,DONSKOY,1,15829,1.0E-4,48,,,,,,
2023,CAT,EGYPTIAN MAU,13,17858,7.0E-4,22,,,,,,
2024,CAT,EGYPTIAN MAU,13,19157,7.0E-4,23,13,0,0.0,7.0E-4,0.0,0.0
2025,CAT,EGYPTIAN MAU,12,15829,8.0E-4,22,13,-1,-0.0769,7.0E-4,1.0E-4,0.1429
2023,CAT,EUROPEAN SHORTHAIR,4,17858,2.0E-4,33,,,,,,
2024,CAT,EUROPEAN SHORTHAIR,24,19157,0.0013,20,4,20,5.0,2.0E-4,0.0011,5.5
2025,CAT,EUROPEAN SHORTHAIR,14,15829,9.0E-4,21,24,-10,-0.4167,0.0013,-4.0E-4,-0.3077
2023,CAT,EXOTIC SHORTHAIR,15,17858,8.0E-4,20,,,,,,
2024,CAT,EXOTIC SHORTHAIR,27,19157,0.0014,19,15,12,0.8,8.0E-4,6.0E-4,0.75
2025,CAT,EXOTIC SHORTHAIR,11,15829,7.0E-4,23,27,-16,-0.5926,0.0014,-7.0E-4,-0.5
2025,CAT,GREY CAT,1,15829,1.0E-4,49,,,,,,
2023,CAT,HAVANA BROWN,1,17858,1.0E-4,44,,,,,,
2024,CAT,HAVANA BROWN,1,19157,1.0E-4,44,1,0,0.0,1.0E-4,0.0,0.0
2025,CAT,HAVANA BROWN,2,15829,1.0E-4,42,1,1,1.0,1.0E-4,0.0,0.0
2025,CAT,HAVANESE,1,15829,1.0E-4,50,,,,,,
2023,CAT,HIMALAYAN,55,17858,0.0031,13,,,,,,
2024,CAT,HIMALAYAN,68,19157,0.0035,14,55,13,0.2364,0.0031,4.0E-4,0.129
2025,CAT,HIMALAYAN,74,15829,0.0047,13,68,6,0.0882,0.0035,0.0012,0.3429
2023,CAT,INDIAN CAT,1,17858,1.0E-4,45,,,,,,
2023,CAT,JAPANESE BOBTAIL,2,17858,1.0E-4,36,,,,,,
2025,CAT,JAPANESE BOBTAIL,1,15829,1.0E-4,51,2,-1,-0.5,1.0E-4,0.0,0.0
2023,CAT,KORAT,2,17858,1.0E-4,37,,,,,,
2024,CAT,KORAT,4,19157,2.0E-4,36,2,2,1.0,1.0E-4,1.0E-4,1.0
2025,CAT,KORAT,3,15829,2.0E-4,39,4,-1,-0.25,2.0E-4,0.0,0.0
2025,CAT,LONG HAIR MEDIU,1,15829,1.0E-4,52,,,,,,
2023,CAT,MAINE COON,159,17858,0.0089,6,,,,,,
2024,CAT,MAINE COON,183,19157,0.0096,7,159,24,0.1509,0.0089,7.0E-4,0.0787
2025,CAT,MAINE COON,167,15829,0.0106,8,183,-16,-0.0874,0.0096,0.001,0.1042
2024,CAT,MALAYAN,1,19157,1.0E-4,45,,,,,,
2023,CAT,MANX,8,17858,4.0E-4,26,,,,,,
2024,CAT,MANX,13,19157,7.0E-4,24,8,5,0.625,4.0E-4,3.0E-4,0.75
2025,CAT,MANX,7,15829,4.0E-4,31,13,-6,-0.4615,7.0E-4,-3.0E-4,-0.4286
2025,CAT,MIX BENGAL TABB,1,15829,1.0E-4,53,,,,,,
2025,CAT,MIX OF MAINE CO,1,15829,1.0E-4,54,,,,,,
2023,CAT,MIXED BREED,1,17858,1.0E-4,46,,,,,,
2024,CAT,MIXED BREED,3,19157,2.0E-4,39,1,2,2.0,1.0E-4,1.0E-4,1.0
2025,CAT,MIXED BREED,4,15829,3.0E-4,36,3,1,0.3333,2.0E-4,1.0E-4,0.5
2023,CAT,MUNCHKIN,8,17858,4.0E-4,27,,,,,,
2024,CAT,MUNCHKIN,8,19157,4.0E-4,32,8,0,0.0,4.0E-4,0.0,0.0
2025,CAT,MUNCHKIN,8,15829,5.0E-4,29,8,0,0.0,4.0E-4,1.0E-4,0.25
2025,CAT,NEBELUNG,1,15829,1.0E-4,55,,,,,,
2025,CAT,NO BREED,1,15829,1.0E-4,56,,,,,,
2023,CAT,NORWEGIAN FOREST CAT,19,17858,0.0011,19,,,,,,
2024,CAT,NORWEGIAN FOREST CAT,20,19157,0.001,21,19,1,0.0526,0.0011,-1.0E-4,-0.0909
2025,CAT,NORWEGIAN FOREST CAT,20,15829,0.0013,19,20,0,0.0,0.001,3.0E-4,0.3
2023,CAT,OCICAT,8,17858,4.0E-4,28,,,,,,
2024,CAT,OCICAT,4,19157,2.0E-4,37,8,-4,-0.5,4.0E-4,-2.0E-4,-0.5
2025,CAT,OCICAT,2,15829,1.0E-4,43,4,-2,-0.5,2.0E-4,-1.0E-4,-0.5
2025,CAT,OCICAT X,1,15829,1.0E-4,57,,,,,,
2023,CAT,ORIENTAL SHORTHAIR,9,17858,5.0E-4,24,,,,,,
2024,CAT,ORIENTAL SHORTHAIR,10,19157,5.0E-4,28,9,1,0.1111,5.0E-4,0.0,0.0
2025,CAT,ORIENTAL SHORTHAIR,7,15829,4.0E-4,32,10,-3,-0.3,5.0E-4,-1.0E-4,-0.2
2023,CAT,PERSIAN,135,17858,0.0076,8,,,,,,
2024,CAT,PERSIAN,146,19157,0.0076,10,135,11,0.0815,0.0076,0.0,0.0
2025,CAT,PERSIAN,118,15829,0.0075,10,146,-28,-0.1918,0.0076,-1.0E-4,-0.0132
2025,CAT,PERSIAN AND HIM,1,15829,1.0E-4,58,,,,,,
2023,CAT,PIXIE-BOB,2,17858,1.0E-4,38,,,,,,
2024,CAT,PIXIE-BOB,2,19157,1.0E-4,41,2,0,0.0,1.0E-4,0.0,0.0
2025,CAT,PIXIE-BOB,3,15829,2.0E-4,40,2,1,0.5,1.0E-4,1.0E-4,1.0
2023,CAT,RAGDOLL,177,17858,0.0099,5,,,,,,
2024,CAT,RAGDOLL,210,19157,0.011,6,177,33,0.1864,0.0099,0.0011,0.1111
2025,CAT,RAGDOLL,188,15829,0.0119,6,210,-22,-0.1048,0.011,9.0E-4,0.0818
2023,CAT,RUSSIAN BLUE,111,17858,0.0062,10,,,,,,
2024,CAT,RUSSIAN BLUE,101,19157,0.0053,12,111,-10,-0.0901,0.0062,-9.0E-4,-0.1452
2025,CAT,RUSSIAN BLUE,102,15829,0.0064,12,101,1,0.0099,0.0053,0.0011,0.2075
2023,CAT,SAVANNAH,10,17858,6.0E-4,23,,,,,,
2024,CAT,SAVANNAH,13,19157,7.0E-4,25,10,3,0.3,6.0E-4,1.0E-4,0.1667
2025,CAT,SAVANNAH,10,15829,6.0E-4,24,13,-3,-0.2308,7.0E-4,-1.0E-4,-0.1429
2024,CAT,SCOTTISH,2,19157,1.0E-4,42,,,,,,
2025,CAT,SCOTTISH,1,15829,1.0E-4,59,2,-1,-0.5,1.0E-4,0.0,0.0
2023,CAT,SCOTTISH FOLD,94,17858,0.0053,11,,,,,,
2024,CAT,SCOTTISH FOLD,102,19157,0.0053,11,94,8,0.0851,0.0053,0.0,0.0
2025,CAT,SCOTTISH FOLD,103,15829,0.0065,11,102,1,0.0098,0.0053,0.0012,0.2264
2023,CAT,SCOTTISH STRAIGHT,2,17858,1.0E-4,39,,,,,,
2024,CAT,SCOTTISH STRAIGHT,2,19157,1.0E-4,43,2,0,0.0,1.0E-4,0.0,0.0
2025,CAT,SCOTTISH STRAIGHT,5,15829,3.0E-4,34,2,3,1.5,1.0E-4,2.0E-4,2.0
2025,CAT,SHORT HAIRED CA,1,15829,1.0E-4,60,,,,,,
2023,CAT,SIAMESE,300,17858,0.0168,4,,,,,,
2024,CAT,SIAMESE,299,19157,0.0156,4,300,-1,-0.0033,0.0168,-0.0012,-0.0714
2025,CAT,SIAMESE,259,15829,0.0164,4,299,-40,-0.1338,0.0156,8.0E-4,0.0513
2025,CAT,SIAMESE AND TAB,1,15829,1.0E-4,61,,,,,,
2023,CAT,SIBERIAN,2,17858,1.0E-4,40,,,,,,
2025,CAT,SIBERIAN,1,15829,1.0E-4,62,2,-1,-0.5,1.0E-4,0.0,0.0
2023,CAT,SINGAPURA,1,17858,1.0E-4,47,,,,,,
2023,CAT,SNOWSHOE,3,17858,2.0E-4,34,,,,,,
2024,CAT,SNOWSHOE,7,19157,4.0E-4,33,3,4,1.3333,2.0E-4,2.0E-4,1.0
2025,CAT,SNOWSHOE,10,15829,6.0E-4,25,7,3,0.4286,4.0E-4,2.0E-4,0.5
2023,CAT,SOMALI,1,17858,1.0E-4,48,,,,,,
2024,CAT,SOMALI,1,19157,1.0E-4,46,1,0,0.0,1.0E-4,0.0,0.0
2023,CAT,SPHYNX,29,17858,0.0016,16,,,,,,
2024,CAT,SPHYNX,34,19157,0.0018,17,29,5,0.1724,0.0016,2.0E-4,0.125
2025,CAT,SPHYNX,27,15829,0.0017,17,34,-7,-0.2059,0.0018,-1.0E-4,-0.0556
2025,CAT,STANDARD HOUSE,1,15829,1.0E-4,63,,,,,,
2025,CAT,TABBY SHORT HAI,1,15829,1.0E-4,64,,,,,,
2025,CAT,TONKINESE,1,15829,1.0E-4,65,,,,,,
2025,CAT,TORTOISESHELL,1,15829,1.0E-4,66,,,,,,
2023,CAT,TOYBOB,1,17858,1.0E-4,49,,,,,,
2024,CAT,TOYBOB,1,19157,1.0E-4,47,1,0,0.0,1.0E-4,0.0,0.0
2025,CAT,TOYBOB,1,15829,1.0E-4,67,1,0,0.0,1.0E-4,0.0,0.0
2023,CAT,TURKISH ANGORA,15,17858,8.0E-4,21,,,,,,
2024,CAT,TURKISH ANGORA,18,19157,9.0E-4,22,15,3,0.2,8.0E-4,1.0E-4,0.125
2025,CAT,TURKISH ANGORA,16,15829,0.001,20,18,-2,-0.1111,9.0E-4,1.0E-4,0.1111
2023,CAT,TURKISH VAN,2,17858,1.0E-4,41,,,,,,
2024,CAT,TURKISH VAN,10,19157,5.0E-4,29,2,8,4.0,1.0E-4,4.0E-4,4.0
2025,CAT,TURKISH VAN,7,15829,4.0E-4,33,10,-3,-0.3,5.0E-4,-1.0E-4,-0.2
2023,CAT,TUXEDO CAT,1,17858,1.0E-4,50,,,,,,
2024,CAT,UNKNOWN,3,19157,2.0E-4,40,,,,,,
2025,CAT,UNKNOWN,3,15829,2.0E-4,41,3,0,0.0,2.0E-4,0.0,0.0
2025,CAT,UNSURE,1,15829,1.0E-4,68,,,,,,
2023,DOG,1/2 MALTESE,1,45278,0.0,239,,,,,,
2023,DOG,AFFENPINSCHER,9,45278,2.0E-4,172,,,,,,
2024,DOG,AFFENPINSCHER,4,47219,1.0E-4,202,9,-5,-0.5556,2.0E-4,-1.0E-4,-0.5
2025,DOG,AFFENPINSCHER,7,38688,2.0E-4,177,4,3,0.75,1.0E-4,1.0E-4,1.0
2023,DOG,AFGHAN HOUND,1,45278,0.0,240,,,,,,
2024,DOG,AFGHAN HOUND,1,47219,0.0,245,1,0,0.0,0.0,0.0,
2025,DOG,AFRICANIS,1,38688,0.0,252,,,,,,
2023,DOG,AIREDALE TERRIER,74,45278,0.0016,79,,,,,,
2024,DOG,AIREDALE TERRIER,67,47219,0.0014,91,74,-7,-0.0946,0.0016,-2.0E-4,-0.125
2025,DOG,AIREDALE TERRIER,51,38688,0.0013,91,67,-16,-0.2388,0.0014,-1.0E-4,-0.0714
2023,DOG,AKBASH,10,45278,2.0E-4,168,,,,,,
2024,DOG,AKBASH,7,47219,1.0E-4,185,10,-3,-0.3,2.0E-4,-1.0E-4,-0.5
2025,DOG,AKBASH,5,38688,1.0E-4,191,7,-2,-0.2857,1.0E-4,0.0,0.0
2025,DOG,AKBASH GREAT PY,1,38688,0.0,253,,,,,,
2023,DOG,AKITA,69,45278,0.0015,84,,,,,,
2024,DOG,AKITA,78,47219,0.0017,80,69,9,0.1304,0.0015,2.0E-4,0.1333
2025,DOG,AKITA,81,38688,0.0021,69,78,3,0.0385,0.0017,4.0E-4,0.2353
2023,DOG,ALASKAN HUSKY,89,45278,0.002,70,,,,,,
2024,DOG,ALASKAN HUSKY,75,47219,0.0016,82,89,-14,-0.1573,0.002,-4.0E-4,-0.2
2025,DOG,ALASKAN HUSKY,55,38688,0.0014,85,75,-20,-0.2667,0.0016,-2.0E-4,-0.125
2023,DOG,ALASKAN KLEE KAI,14,45278,3.0E-4,152,,,,,,
2024,DOG,ALASKAN KLEE KAI,20,47219,4.0E-4,137,14,6,0.4286,3.0E-4,1.0E-4,0.3333
2025,DOG,ALASKAN KLEE KAI,35,38688,9.0E-4,106,20,15,0.75,4.0E-4,5.0E-4,1.25
2023,DOG,ALASKAN MALAMUTE,72,45278,0.0016,81,,,,,,
2024,DOG,ALASKAN MALAMUTE,80,47219,0.0017,77,72,8,0.1111,0.0016,1.0E-4,0.0625
2025,DOG,ALASKAN MALAMUTE,60,38688,0.0016,83,80,-20,-0.25,0.0017,-1.0E-4,-0.0588
2025,DOG,AMER STAFF MIX,1,38688,0.0,254,,,,,,
2024,DOG,AMERICAN BULL T,1,47219,0.0,246,,,,,,
2025,DOG,AMERICAN BULL T,1,38688,0.0,255,1,0,0.0,0.0,0.0,
2023,DOG,AMERICAN BULLDOG,852,45278,0.0188,15,,,,,,
2024,DOG,AMERICAN BULLDOG,976,47219,0.0207,14,852,124,0.1455,0.0188,0.0019,0.1011
2025,DOG,AMERICAN BULLDOG,825,38688,0.0213,14,976,-151,-0.1547,0.0207,6.0E-4,0.029
2023,DOG,AMERICAN BULLY,32,45278,7.0E-4,115,,,,,,
2024,DOG,AMERICAN BULLY,171,47219,0.0036,51,32,139,4.3438,7.0E-4,0.0029,4.1429
2025,DOG,AMERICAN BULLY,222,38688,0.0057,39,171,51,0.2982,0.0036,0.0021,0.5833
2025,DOG,AMERICAN BULLY MICRO,1,38688,0.0,256,,,,,,
2024,DOG,AMERICAN BULLY POCKET,1,47219,0.0,247,,,,,,
2025,DOG,AMERICAN BULLY POCKET,4,38688,1.0E-4,199,1,3,3.0,0.0,1.0E-4,
2024,DOG,AMERICAN BULLY XL,1,47219,0.0,248,,,,,,
2023,DOG,AMERICAN COCKER SPANIEL,1,45278,0.0,241,,,,,,
2024,DOG,AMERICAN COCKER SPANIEL,1,47219,0.0,249,1,0,0.0,0.0,0.0,
2025,DOG,AMERICAN COCKER SPANIEL,5,38688,1.0E-4,192,1,4,4.0,0.0,1.0E-4,
2024,DOG,AMERICAN DIRUS,1,47219,0.0,250,,,,,,
2023,DOG,AMERICAN ESKIMO DOG,149,45278,0.0033,51,,,,,,
2024,DOG,AMERICAN ESKIMO DOG,145,47219,0.0031,56,149,-4,-0.0268,0.0033,-2.0E-4,-0.0606
2025,DOG,AMERICAN ESKIMO DOG,105,38688,0.0027,61,145,-40,-0.2759,0.0031,-4.0E-4,-0.129
2023,DOG,AMERICAN FOXHOUND,25,45278,6.0E-4,128,,,,,,
2024,DOG,AMERICAN FOXHOUND,20,47219,4.0E-4,138,25,-5,-0.2,6.0E-4,-2.0E-4,-0.3333
2025,DOG,AMERICAN FOXHOUND,12,38688,3.0E-4,155,20,-8,-0.4,4.0E-4,-1.0E-4,-0.25
2023,DOG,AMERICAN PIT BULL TERRIER,55,45278,0.0012,94,,,,,,
2024,DOG,AMERICAN PIT BULL TERRIER,81,47219,0.0017,75,55,26,0.4727,0.0012,5.0E-4,0.4167
2025,DOG,AMERICAN PIT BULL TERRIER,46,38688,0.0012,97,81,-35,-0.4321,0.0017,-5.0E-4,-0.2941
2025,DOG,AMERICAN PIT BULL TERRIER MIX,1,38688,0.0,257,,,,,,
2023,DOG,AMERICAN STAFFORDSHIRE TERRIER,64,45278,0.0014,86,,,,,,
2024,DOG,AMERICAN STAFFORDSHIRE TERRIER,59,47219,0.0012,94,64,-5,-0.0781,0.0014,-2.0E-4,-0.1429
2025,DOG,AMERICAN STAFFORDSHIRE TERRIER,52,38688,0.0013,89,59,-7,-0.1186,0.0012,1.0E-4,0.0833
2023,DOG,AMERICAN WATER SPANIEL,2,45278,0.0,222,,,,,,
2024,DOG,AMERICAN WATER SPANIEL,1,47219,0.0,251,2,-1,-0.5,0.0,0.0,
2025,DOG,AMERICAN WATER SPANIEL,1,38688,0.0,258,1,0,0.0,0.0,0.0,
2023,DOG,ANATOLIAN SHEPHERD DOG,36,45278,8.0E-4,108,,,,,,
2024,DOG,ANATOLIAN SHEPHERD DOG,25,47219,5.0E-4,125,36,-11,-0.3056,8.0E-4,-3.0E-4,-0.375
2025,DOG,ANATOLIAN SHEPHERD DOG,26,38688,7.0E-4,118,25,1,0.04,5.0E-4,2.0E-4,0.4
2024,DOG,ARABIAN CUNUCU,1,47219,0.0,252,,,,,,
2024,DOG,ARGENTINIAN DOG,1,47219,0.0,253,,,,,,
2024,DOG,ASTIPZE,1,47219,0.0,254,,,,,,
2023,DOG,AUSSIEDOODLE,1,45278,0.0,242,,,,,,
2024,DOG,AUSSIEDOODLE,3,47219,1.0E-4,214,1,2,2.0,0.0,1.0E-4,
2025,DOG,AUSSIEDOODLE,7,38688,2.0E-4,178,3,4,1.3333,1.0E-4,1.0E-4,1.0
2023,DOG,AUSTRALIAN CATTLE DOG,231,45278,0.0051,41,,,,,,
2024,DOG,AUSTRALIAN CATTLE DOG,231,47219,0.0049,41,231,0,0.0,0.0051,-2.0E-4,-0.0392
2025,DOG,AUSTRALIAN CATTLE DOG,197,38688,0.0051,42,231,-34,-0.1472,0.0049,2.0E-4,0.0408
2023,DOG,AUSTRALIAN COBBERDOG,1,45278,0.0,243,,,,,,
2024,DOG,AUSTRALIAN COBBERDOG,2,47219,0.0,228,1,1,1.0,0.0,0.0,
2025,DOG,AUSTRALIAN COBBERDOG,2,38688,1.0E-4,224,2,0,0.0,0.0,1.0E-4,
2023,DOG,AUSTRALIAN KELPIE,19,45278,4.0E-4,138,,,,,,
2024,DOG,AUSTRALIAN KELPIE,24,47219,5.0E-4,128,19,5,0.2632,4.0E-4,1.0E-4,0.25
2025,DOG,AUSTRALIAN KELPIE,33,38688,9.0E-4,109,24,9,0.375,5.0E-4,4.0E-4,0.8
2023,DOG,AUSTRALIAN SHEPHERD,1131,45278,0.025,12,,,,,,
2024,DOG,AUSTRALIAN SHEPHERD,1253,47219,0.0265,10,1131,122,0.1079,0.025,0.0015,0.06
2025,DOG,AUSTRALIAN SHEPHERD,1050,38688,0.0271,8,1253,-203,-0.162,0.0265,6.0E-4,0.0226
2023,DOG,AUSTRALIAN TERRIER,12,45278,3.0E-4,161,,,,,,
2024,DOG,AUSTRALIAN TERRIER,9,47219,2.0E-4,176,12,-3,-0.25,3.0E-4,-1.0E-4,-0.3333
2025,DOG,AUSTRALIAN TERRIER,8,38688,2.0E-4,172,9,-1,-0.1111,2.0E-4,0.0,0.0
2023,DOG,BARBET,14,45278,3.0E-4,153,,,,,,
2024,DOG,BARBET,18,47219,4.0E-4,143,14,4,0.2857,3.0E-4,1.0E-4,0.3333
2025,DOG,BARBET,14,38688,4.0E-4,147,18,-4,-0.2222,4.0E-4,0.0,0.0
2023,DOG,BASENJI,49,45278,0.0011,102,,,,,,
2024,DOG,BASENJI,43,47219,9.0E-4,107,49,-6,-0.1224,0.0011,-2.0E-4,-0.1818
2025,DOG,BASENJI,35,38688,9.0E-4,107,43,-8,-0.186,9.0E-4,0.0,0.0
2023,DOG,BASSET HOUND,80,45278,0.0018,77,,,,,,
2024,DOG,BASSET HOUND,79,47219,0.0017,78,80,-1,-0.0125,0.0018,-1.0E-4,-0.0556
2025,DOG,BASSET HOUND,62,38688,0.0016,79,79,-17,-0.2152,0.0017,-1.0E-4,-0.0588
2023,DOG,BEAGLE,879,45278,0.0194,14,,,,,,
2024,DOG,BEAGLE,815,47219,0.0173,15,879,-64,-0.0728,0.0194,-0.0021,-0.1082
2025,DOG,BEAGLE,632,38688,0.0163,16,815,-183,-0.2245,0.0173,-0.001,-0.0578
2024,DOG,BEAGLE - PARSON,1,47219,0.0,255,,,,,,
2023,DOG,BEARDED COLLIE,28,45278,6.0E-4,120,,,,,,
2024,DOG,BEARDED COLLIE,23,47219,5.0E-4,131,28,-5,-0.1786,6.0E-4,-1.0E-4,-0.1667
2025,DOG,BEARDED COLLIE,16,38688,4.0E-4,138,23,-7,-0.3043,5.0E-4,-1.0E-4,-0.2
2023,DOG,BEAUCERON,2,45278,0.0,223,,,,,,
2024,DOG,BEAUCERON,3,47219,1.0E-4,215,2,1,0.5,0.0,1.0E-4,
2025,DOG,BEAUCERON,1,38688,0.0,259,3,-2,-0.6667,1.0E-4,-1.0E-4,-1.0
2023,DOG,BEDLINGTON TERRIER,11,45278,2.0E-4,166,,,,,,
2024,DOG,BEDLINGTON TERRIER,14,47219,3.0E-4,156,11,3,0.2727,2.0E-4,1.0E-4,0.5
2025,DOG,BEDLINGTON TERRIER,19,38688,5.0E-4,128,14,5,0.3571,3.0E-4,2.0E-4,0.6667
2024,DOG,BELDI,1,47219,0.0,256,,,,,,
2023,DOG,BELGIAN GROENENDAEL,1,45278,0.0,244,,,,,,
2024,DOG,BELGIAN GROENENDAEL,1,47219,0.0,257,1,0,0.0,0.0,0.0,
2025,DOG,BELGIAN GROENENDAEL,1,38688,0.0,260,1,0,0.0,0.0,0.0,
2023,DOG,BELGIAN MALINOIS,100,45278,0.0022,66,,,,,,
2024,DOG,BELGIAN MALINOIS,115,47219,0.0024,64,100,15,0.15,0.0022,2.0E-4,0.0909
2025,DOG,BELGIAN MALINOIS,90,38688,0.0023,64,115,-25,-0.2174,0.0024,-1.0E-4,-0.0417
2023,DOG,BELGIAN SHEEPDOG,6,45278,1.0E-4,194,,,,,,
2024,DOG,BELGIAN SHEEPDOG,13,47219,3.0E-4,158,6,7,1.1667,1.0E-4,2.0E-4,2.0
2025,DOG,BELGIAN SHEEPDOG,15,38688,4.0E-4,144,13,2,0.1538,3.0E-4,1.0E-4,0.3333
2025,DOG,BELGIAN SHEPHERD DOG,2,38688,1.0E-4,225,,,,,,
2023,DOG,BELGIAN TERVUREN,6,45278,1.0E-4,195,,,,,,
2024,DOG,BELGIAN TERVUREN,7,47219,1.0E-4,186,6,1,0.1667,1.0E-4,0.0,0.0
2025,DOG,BELGIAN TERVUREN,5,38688,1.0E-4,193,7,-2,-0.2857,1.0E-4,0.0,0.0
2023,DOG,BENGAL,2,45278,0.0,224,,,,,,
2024,DOG,BERGER BLANC SU,1,47219,0.0,258,,,,,,
2023,DOG,BERNEDOODLE,12,45278,3.0E-4,162,,,,,,
2024,DOG,BERNEDOODLE,8,47219,2.0E-4,181,12,-4,-0.3333,3.0E-4,-1.0E-4,-0.3333
2025,DOG,BERNEDOODLE,13,38688,3.0E-4,150,8,5,0.625,2.0E-4,1.0E-4,0.5
2023,DOG,BERNESE HOUND,7,45278,2.0E-4,184,,,,,,
2024,DOG,BERNESE HOUND,4,47219,1.0E-4,203,7,-3,-0.4286,2.0E-4,-1.0E-4,-0.5
2025,DOG,BERNESE HOUND,4,38688,1.0E-4,200,4,0,0.0,1.0E-4,0.0,0.0
2023,DOG,BERNESE MOUNTAIN DOG,675,45278,0.0149,18,,,,,,
2024,DOG,BERNESE MOUNTAIN DOG,741,47219,0.0157,17,675,66,0.0978,0.0149,8.0E-4,0.0537
2025,DOG,BERNESE MOUNTAIN DOG,607,38688,0.0157,17,741,-134,-0.1808,0.0157,0.0,0.0
2023,DOG,BICHON FRISE,605,45278,0.0134,19,,,,,,
2024,DOG,BICHON FRISE,618,47219,0.0131,20,605,13,0.0215,0.0134,-3.0E-4,-0.0224
2025,DOG,BICHON FRISE,481,38688,0.0124,23,618,-137,-0.2217,0.0131,-7.0E-4,-0.0534
2025,DOG,BICHON FRISÃ© M,1,38688,0.0,261,,,,,,
2025,DOG,BICHON MALTES,1,38688,0.0,262,,,,,,
2025,DOG,BICHON POODLE,1,38688,0.0,263,,,,,,
2024,DOG,BIEWER TERRIER,3,47219,1.0E-4,216,,,,,,
2025,DOG,BIEWER TERRIER,3,38688,1.0E-4,209,3,0,0.0,1.0E-4,0.0,0.0
2023,DOG,BLACK AND TAN COONHOUND,5,45278,1.0E-4,199,,,,,,
2024,DOG,BLACK AND TAN COONHOUND,4,47219,1.0E-4,204,5,-1,-0.2,1.0E-4,0.0,0.0
2025,DOG,BLACK AND TAN COONHOUND,3,38688,1.0E-4,210,4,-1,-0.25,1.0E-4,0.0,0.0
2023,DOG,BLACK MOUTH CUR,32,45278,7.0E-4,116,,,,,,
2024,DOG,BLACK MOUTH CUR,40,47219,8.0E-4,110,32,8,0.25,7.0E-4,1.0E-4,0.1429
2025,DOG,BLACK MOUTH CUR,29,38688,7.0E-4,114,40,-11,-0.275,8.0E-4,-1.0E-4,-0.125
2023,DOG,BLACK RUSSIAN TERRIER,13,45278,3.0E-4,156,,,,,,
2024,DOG,BLACK RUSSIAN TERRIER,12,47219,3.0E-4,164,13,-1,-0.0769,3.0E-4,0.0,0.0
2025,DOG,BLACK RUSSIAN TERRIER,9,38688,2.0E-4,167,12,-3,-0.25,3.0E-4,-1.0E-4,-0.3333
2023,DOG,BLOODHOUND,8,45278,2.0E-4,178,,,,,,
2024,DOG,BLOODHOUND,12,47219,3.0E-4,165,8,4,0.5,2.0E-4,1.0E-4,0.5
2025,DOG,BLOODHOUND,9,38688,2.0E-4,168,12,-3,-0.25,3.0E-4,-1.0E-4,-0.3333
2025,DOG,BLUE CANE CORSO,1,38688,0.0,264,,,,,,
2023,DOG,BLUE LACY,3,45278,1.0E-4,212,,,,,,
2024,DOG,BLUE LACY,3,47219,1.0E-4,217,3,0,0.0,1.0E-4,0.0,0.0
2025,DOG,BLUE LACY,2,38688,1.0E-4,226,3,-1,-0.3333,1.0E-4,0.0,0.0
2023,DOG,BLUETICK COONHOUND,16,45278,4.0E-4,146,,,,,,
2024,DOG,BLUETICK COONHOUND,15,47219,3.0E-4,149,16,-1,-0.0625,4.0E-4,-1.0E-4,-0.25
2025,DOG,BLUETICK COONHOUND,15,38688,4.0E-4,145,15,0,0.0,3.0E-4,1.0E-4,0.3333
2023,DOG,BOERBOEL,10,45278,2.0E-4,169,,,,,,
2024,DOG,BOERBOEL,6,47219,1.0E-4,192,10,-4,-0.4,2.0E-4,-1.0E-4,-0.5
2025,DOG,BOERBOEL,3,38688,1.0E-4,211,6,-3,-0.5,1.0E-4,0.0,0.0
2024,DOG,BOLONKA ZWETNA,1,47219,0.0,259,,,,,,
2023,DOG,BORDER COLLIE,939,45278,0.0207,13,,,,,,
2024,DOG,BORDER COLLIE,982,47219,0.0208,13,939,43,0.0458,0.0207,1.0E-4,0.0048
2025,DOG,BORDER COLLIE,780,38688,0.0202,15,982,-202,-0.2057,0.0208,-6.0E-4,-0.0288
2025,DOG,BORDER COLLIE S,1,38688,0.0,265,,,,,,
2023,DOG,BORDER TERRIER,100,45278,0.0022,67,,,,,,
2024,DOG,BORDER TERRIER,90,47219,0.0019,72,100,-10,-0.1,0.0022,-3.0E-4,-0.1364
2025,DOG,BORDER TERRIER,78,38688,0.002,70,90,-12,-0.1333,0.0019,1.0E-4,0.0526
2023,DOG,BORZOI,7,45278,2.0E-4,185,,,,,,
2024,DOG,BORZOI,6,47219,1.0E-4,193,7,-1,-0.1429,2.0E-4,-1.0E-4,-0.5
2025,DOG,BORZOI,5,38688,1.0E-4,194,6,-1,-0.1667,1.0E-4,0.0,0.0
2023,DOG,BOSTON TERRIER,448,45278,0.0099,27,,,,,,
2024,DOG,BOSTON TERRIER,440,47219,0.0093,29,448,-8,-0.0179,0.0099,-6.0E-4,-0.0606
2025,DOG,BOSTON TERRIER,354,38688,0.0092,30,440,-86,-0.1955,0.0093,-1.0E-4,-0.0108
2023,DOG,BOUVIER DES FLANDRES,51,45278,0.0011,99,,,,,,
2024,DOG,BOUVIER DES FLANDRES,51,47219,0.0011,100,51,0,0.0,0.0011,0.0,0.0
2025,DOG,BOUVIER DES FLANDRES,37,38688,0.001,103,51,-14,-0.2745,0.0011,-1.0E-4,-0.0909
2023,DOG,BOXER,524,45278,0.0116,25,,,,,,
2024,DOG,BOXER,547,47219,0.0116,25,524,23,0.0439,0.0116,0.0,0.0
2025,DOG,BOXER,422,38688,0.0109,27,547,-125,-0.2285,0.0116,-7.0E-4,-0.0603
2024,DOG,BOXER - CANE CO,1,47219,0.0,260,,,,,,
2024,DOG,BOXER - MASTIFF,1,47219,0.0,261,,,,,,
2023,DOG,BOYKIN SPANIEL,3,45278,1.0E-4,213,,,,,,
2024,DOG,BOYKIN SPANIEL,3,47219,1.0E-4,218,3,0,0.0,1.0E-4,0.0,0.0
2025,DOG,BOYKIN SPANIEL,1,38688,0.0,266,3,-2,-0.6667,1.0E-4,-1.0E-4,-1.0
2024,DOG,BRACCO ITALIANO,1,47219,0.0,262,,,,,,
2025,DOG,BRACCO ITALIANO,1,38688,0.0,267,1,0,0.0,0.0,0.0,
2023,DOG,BRIARD,9,45278,2.0E-4,173,,,,,,
2024,DOG,BRIARD,7,47219,1.0E-4,187,9,-2,-0.2222,2.0E-4,-1.0E-4,-0.5
2025,DOG,BRIARD,8,38688,2.0E-4,173,7,1,0.1429,1.0E-4,1.0E-4,1.0
2024,DOG,BRITISH SHORT H,1,47219,0.0,263,,,,,,
2023,DOG,BRITTANY,112,45278,0.0025,60,,,,,,
2024,DOG,BRITTANY,126,47219,0.0027,60,112,14,0.125,0.0025,2.0E-4,0.08
2025,DOG,BRITTANY,113,38688,0.0029,55,126,-13,-0.1032,0.0027,2.0E-4,0.0741
2025,DOG,BRITTANYPOO,1,38688,0.0,268,,,,,,
2023,DOG,BRUSSELS GRIFFON,47,45278,0.001,104,,,,,,
2024,DOG,BRUSSELS GRIFFON,47,47219,0.001,103,47,0,0.0,0.001,0.0,0.0
2025,DOG,BRUSSELS GRIFFON,37,38688,0.001,104,47,-10,-0.2128,0.001,0.0,0.0
2023,DOG,BULL TERRIER,60,45278,0.0013,88,,,,,,
2024,DOG,BULL TERRIER,70,47219,0.0015,88,60,10,0.1667,0.0013,2.0E-4,0.1538
2025,DOG,BULL TERRIER,55,38688,0.0014,86,70,-15,-0.2143,0.0015,-1.0E-4,-0.0667
2023,DOG,BULLDOG,141,45278,0.0031,54,,,,,,
2024,DOG,BULLDOG,119,47219,0.0025,63,141,-22,-0.156,0.0031,-6.0E-4,-0.1935
2025,DOG,BULLDOG,109,38688,0.0028,58,119,-10,-0.084,0.0025,3.0E-4,0.12
2025,DOG,BULLDOG AMERICA,1,38688,0.0,269,,,,,,
2025,DOG,BULLDOG X,1,38688,0.0,270,,,,,,
2023,DOG,BULLMASTIFF,74,45278,0.0016,80,,,,,,
2024,DOG,BULLMASTIFF,64,47219,0.0014,93,74,-10,-0.1351,0.0016,-2.0E-4,-0.125
2025,DOG,BULLMASTIFF,51,38688,0.0013,92,64,-13,-0.2031,0.0014,-1.0E-4,-0.0714
2023,DOG,CAIRN TERRIER,137,45278,0.003,56,,,,,,
2024,DOG,CAIRN TERRIER,131,47219,0.0028,59,137,-6,-0.0438,0.003,-2.0E-4,-0.0667
2025,DOG,CAIRN TERRIER,98,38688,0.0025,62,131,-33,-0.2519,0.0028,-3.0E-4,-0.1071
2023,DOG,CANAAN DOG,15,45278,3.0E-4,149,,,,,,
2024,DOG,CANAAN DOG,14,47219,3.0E-4,157,15,-1,-0.0667,3.0E-4,0.0,0.0
2025,DOG,CANAAN DOG,8,38688,2.0E-4,174,14,-6,-0.4286,3.0E-4,-1.0E-4,-0.3333
2023,DOG,CANE CORSO,274,45278,0.0061,37,,,,,,
2024,DOG,CANE CORSO,305,47219,0.0065,37,274,31,0.1131,0.0061,4.0E-4,0.0656
2025,DOG,CANE CORSO,231,38688,0.006,38,305,-74,-0.2426,0.0065,-5.0E-4,-0.0769
2023,DOG,CARDIGAN WELSH CORGI,177,45278,0.0039,46,,,,,,
2024,DOG,CARDIGAN WELSH CORGI,171,47219,0.0036,52,177,-6,-0.0339,0.0039,-3.0E-4,-0.0769
2025,DOG,CARDIGAN WELSH CORGI,145,38688,0.0037,51,171,-26,-0.152,0.0036,1.0E-4,0.0278
2023,DOG,CAROLINA DOG,19,45278,4.0E-4,139,,,,,,
2024,DOG,CAROLINA DOG,15,47219,3.0E-4,150,19,-4,-0.2105,4.0E-4,-1.0E-4,-0.25
2025,DOG,CAROLINA DOG,12,38688,3.0E-4,156,15,-3,-0.2,3.0E-4,0.0,0.0
2023,DOG,CATAHOULA LEOPARD DOG,54,45278,0.0012,95,,,,,,
2024,DOG,CATAHOULA LEOPARD DOG,54,47219,0.0011,99,54,0,0.0,0.0012,-1.0E-4,-0.0833
2025,DOG,CATAHOULA LEOPARD DOG,67,38688,0.0017,75,54,13,0.2407,0.0011,6.0E-4,0.5455
2023,DOG,CAUCASIAN SHEPHERD DOG,1,45278,0.0,245,,,,,,
2024,DOG,CAUCASIAN SHEPHERD DOG,1,47219,0.0,264,1,0,0.0,0.0,0.0,
2025,DOG,CAUCASIAN SHEPHERD DOG,1,38688,0.0,271,1,0,0.0,0.0,0.0,
2023,DOG,CAVALIER KING CHARLES SPANIEL,413,45278,0.0091,30,,,,,,
2024,DOG,CAVALIER KING CHARLES SPANIEL,441,47219,0.0093,28,413,28,0.0678,0.0091,2.0E-4,0.022
2025,DOG,CAVALIER KING CHARLES SPANIEL,383,38688,0.0099,28,441,-58,-0.1315,0.0093,6.0E-4,0.0645
2023,DOG,CHESAPEAKE BAY RETRIEVER,26,45278,6.0E-4,124,,,,,,
2024,DOG,CHESAPEAKE BAY RETRIEVER,26,47219,6.0E-4,123,26,0,0.0,6.0E-4,0.0,0.0
2025,DOG,CHESAPEAKE BAY RETRIEVER,25,38688,6.0E-4,122,26,-1,-0.0385,6.0E-4,0.0,0.0
2023,DOG,CHIHUAHUA,4,45278,1.0E-4,206,,,,,,
2024,DOG,CHIHUAHUA,2,47219,0.0,229,4,-2,-0.5,1.0E-4,-1.0E-4,-1.0
2025,DOG,CHIHUAHUA,3,38688,1.0E-4,212,2,1,0.5,0.0,1.0E-4,
2023,DOG,CHIHUAHUA LONGHAIR,83,45278,0.0018,74,,,,,,
2024,DOG,CHIHUAHUA LONGHAIR,126,47219,0.0027,61,83,43,0.5181,0.0018,9.0E-4,0.5
2025,DOG,CHIHUAHUA LONGHAIR,106,38688,0.0027,60,126,-20,-0.1587,0.0027,0.0,0.0
2025,DOG,CHIHUAHUA MIX,1,38688,0.0,272,,,,,,
2023,DOG,CHIHUAHUA SHORTHAIR,1387,45278,0.0306,7,,,,,,
2024,DOG,CHIHUAHUA SHORTHAIR,1448,47219,0.0307,7,1387,61,0.044,0.0306,1.0E-4,0.0033
2025,DOG,CHIHUAHUA SHORTHAIR,1206,38688,0.0312,7,1448,-242,-0.1671,0.0307,5.0E-4,0.0163
2023,DOG,CHINESE CRESTED,44,45278,0.001,105,,,,,,
2024,DOG,CHINESE CRESTED,51,47219,0.0011,101,44,7,0.1591,0.001,1.0E-4,0.1
2025,DOG,CHINESE CRESTED,29,38688,7.0E-4,115,51,-22,-0.4314,0.0011,-4.0E-4,-0.3636
2024,DOG,CHINESE FIELD D,1,47219,0.0,265,,,,,,
2025,DOG,CHINESE SHAR-PE,1,38688,0.0,273,,,,,,
2023,DOG,CHINESE SHAR-PEI,91,45278,0.002,69,,,,,,
2024,DOG,CHINESE SHAR-PEI,102,47219,0.0022,68,91,11,0.1209,0.002,2.0E-4,0.1
2025,DOG,CHINESE SHAR-PEI,59,38688,0.0015,84,102,-43,-0.4216,0.0022,-7.0E-4,-0.3182
2024,DOG,CHINOOK,1,47219,0.0,266,,,,,,
2024,DOG,CHIWEENIE,1,47219,0.0,267,,,,,,
2025,DOG,CHIWEENIE,2,38688,1.0E-4,227,1,1,1.0,0.0,1.0E-4,
2023,DOG,CHORKIE,1,45278,0.0,246,,,,,,
2024,DOG,CHORKIE,1,47219,0.0,268,1,0,0.0,0.0,0.0,
2025,DOG,CHORKIE,1,38688,0.0,274,1,0,0.0,0.0,0.0,
2023,DOG,CHOW CHOW,95,45278,0.0021,68,,,,,,
2024,DOG,CHOW CHOW,124,47219,0.0026,62,95,29,0.3053,0.0021,5.0E-4,0.2381
2025,DOG,CHOW CHOW,97,38688,0.0025,63,124,-27,-0.2177,0.0026,-1.0E-4,-0.0385
2023,DOG,CHOW CHOW MIX,1,45278,0.0,247,,,,,,
2025,DOG,CHUG,1,38688,0.0,275,,,,,,
2023,DOG,CIRNECO DELLETNA,1,45278,0.0,248,,,,,,
2024,DOG,CIRNECO DELLETNA,1,47219,0.0,269,1,0,0.0,0.0,0.0,
2025,DOG,CIRNECO DELLETNA,2,38688,1.0E-4,228,1,1,1.0,0.0,1.0E-4,
2023,DOG,CLUMBER SPANIEL,1,45278,0.0,249,,,,,,
2024,DOG,CLUMBER SPANIEL,1,47219,0.0,270,1,0,0.0,0.0,0.0,
2025,DOG,COBBEDOG LABRAD,1,38688,0.0,276,,,,,,
2025,DOG,COCKAPOO,1,38688,0.0,277,,,,,,
2023,DOG,COCKER SPANIEL,1652,45278,0.0365,6,,,,,,
2024,DOG,COCKER SPANIEL,1765,47219,0.0374,6,1652,113,0.0684,0.0365,9.0E-4,0.0247
2025,DOG,COCKER SPANIEL,1476,38688,0.0382,5,1765,-289,-0.1637,0.0374,8.0E-4,0.0214
2023,DOG,COLLIE ROUGH,112,45278,0.0025,61,,,,,,
2024,DOG,COLLIE ROUGH,107,47219,0.0023,66,112,-5,-0.0446,0.0025,-2.0E-4,-0.08
2025,DOG,COLLIE ROUGH,88,38688,0.0023,67,107,-19,-0.1776,0.0023,0.0,0.0
2023,DOG,COLLIE SMOOTH,83,45278,0.0018,75,,,,,,
2024,DOG,COLLIE SMOOTH,77,47219,0.0016,81,83,-6,-0.0723,0.0018,-2.0E-4,-0.1111
2025,DOG,COLLIE SMOOTH,62,38688,0.0016,80,77,-15,-0.1948,0.0016,0.0,0.0
2025,DOG,CORGI-BLUE HEEL,1,38688,0.0,278,,,,,,
2023,DOG,COTON DE TULEAR,189,45278,0.0042,44,,,,,,
2024,DOG,COTON DE TULEAR,202,47219,0.0043,43,189,13,0.0688,0.0042,1.0E-4,0.0238
2025,DOG,COTON DE TULEAR,146,38688,0.0038,50,202,-56,-0.2772,0.0043,-5.0E-4,-0.1163
2025,DOG,CROSS LAB & GOL,1,38688,0.0,279,,,,,,
2023,DOG,DACHSHUND,333,45278,0.0074,32,,,,,,
2024,DOG,DACHSHUND,330,47219,0.007,33,333,-3,-0.009,0.0074,-4.0E-4,-0.0541
2025,DOG,DACHSHUND,265,38688,0.0068,34,330,-65,-0.197,0.007,-2.0E-4,-0.0286
2023,DOG,DACHSHUND LONGHAIRED,34,45278,8.0E-4,112,,,,,,
2024,DOG,DACHSHUND LONGHAIRED,47,47219,0.001,104,34,13,0.3824,8.0E-4,2.0E-4,0.25
2025,DOG,DACHSHUND LONGHAIRED,34,38688,9.0E-4,108,47,-13,-0.2766,0.001,-1.0E-4,-0.1
2023,DOG,DACHSHUND MINIATURE,261,45278,0.0058,38,,,,,,
2024,DOG,DACHSHUND MINIATURE,308,47219,0.0065,36,261,47,0.1801,0.0058,7.0E-4,0.1207
2025,DOG,DACHSHUND MINIATURE,275,38688,0.0071,33,308,-33,-0.1071,0.0065,6.0E-4,0.0923
2023,DOG,DACHSHUND STANDARD,2,45278,0.0,225,,,,,,
2025,DOG,DACHSHUND STANDARD,3,38688,1.0E-4,213,2,1,0.5,0.0,1.0E-4,
2023,DOG,DACHSHUND WIREHAIRED,13,45278,3.0E-4,157,,,,,,
2024,DOG,DACHSHUND WIREHAIRED,11,47219,2.0E-4,169,13,-2,-0.1538,3.0E-4,-1.0E-4,-0.3333
2025,DOG,DACHSHUND WIREHAIRED,10,38688,3.0E-4,161,11,-1,-0.0909,2.0E-4,1.0E-4,0.5
2023,DOG,DALMATIAN,54,45278,0.0012,96,,,,,,
2024,DOG,DALMATIAN,55,47219,0.0012,98,54,1,0.0185,0.0012,0.0,0.0
2025,DOG,DALMATIAN,33,38688,9.0E-4,110,55,-22,-0.4,0.0012,-3.0E-4,-0.25
2023,DOG,DANDIE DINMONT TERRIER,5,45278,1.0E-4,200,,,,,,
2024,DOG,DANDIE DINMONT TERRIER,4,47219,1.0E-4,205,5,-1,-0.2,1.0E-4,0.0,0.0
2025,DOG,DANDIE DINMONT TERRIER,4,38688,1.0E-4,201,4,0,0.0,1.0E-4,0.0,0.0
2023,DOG,DOBERMAN PINSCHER,285,45278,0.0063,35,,,,,,
2024,DOG,DOBERMAN PINSCHER,288,47219,0.0061,39,285,3,0.0105,0.0063,-2.0E-4,-0.0317
2025,DOG,DOBERMAN PINSCHER,207,38688,0.0054,40,288,-81,-0.2813,0.0061,-7.0E-4,-0.1148
2023,DOG,DOGO ARGENTINO,53,45278,0.0012,98,,,,,,
2024,DOG,DOGO ARGENTINO,69,47219,0.0015,89,53,16,0.3019,0.0012,3.0E-4,0.25
2025,DOG,DOGO ARGENTINO,48,38688,0.0012,94,69,-21,-0.3043,0.0015,-3.0E-4,-0.2
2023,DOG,DOGUE DE BORDEAUX,15,45278,3.0E-4,150,,,,,,
2024,DOG,DOGUE DE BORDEAUX,18,47219,4.0E-4,144,15,3,0.2,3.0E-4,1.0E-4,0.3333
2025,DOG,DOGUE DE BORDEAUX,14,38688,4.0E-4,148,18,-4,-0.2222,4.0E-4,0.0,0.0
2024,DOG,DOMESTIC LONGHAIR,1,47219,0.0,271,,,,,,
2024,DOG,DOMESTIC SHORTHAIR,2,47219,0.0,230,,,,,,
2023,DOG,DUTCH SHEPHERD,35,45278,8.0E-4,110,,,,,,
2024,DOG,DUTCH SHEPHERD,37,47219,8.0E-4,114,35,2,0.0571,8.0E-4,0.0,0.0
2025,DOG,DUTCH SHEPHERD,27,38688,7.0E-4,117,37,-10,-0.2703,8.0E-4,-1.0E-4,-0.125
2025,DOG,ENG TOY SPANIEL,1,38688,0.0,280,,,,,,
2023,DOG,ENGLISH BULLDOG,130,45278,0.0029,57,,,,,,
2024,DOG,ENGLISH BULLDOG,146,47219,0.0031,55,130,16,0.1231,0.0029,2.0E-4,0.069
2025,DOG,ENGLISH BULLDOG,145,38688,0.0037,52,146,-1,-0.0068,0.0031,6.0E-4,0.1935
2023,DOG,ENGLISH COCKER SPANIEL,57,45278,0.0013,91,,,,,,
2024,DOG,ENGLISH COCKER SPANIEL,73,47219,0.0015,84,57,16,0.2807,0.0013,2.0E-4,0.1538
2025,DOG,ENGLISH COCKER SPANIEL,61,38688,0.0016,82,73,-12,-0.1644,0.0015,1.0E-4,0.0667
2023,DOG,ENGLISH COONHOUND,49,45278,0.0011,103,,,,,,
2024,DOG,ENGLISH COONHOUND,47,47219,0.001,105,49,-2,-0.0408,0.0011,-1.0E-4,-0.0909
2025,DOG,ENGLISH COONHOUND,40,38688,0.001,99,47,-7,-0.1489,0.001,0.0,0.0
2023,DOG,ENGLISH FOXHOUND,12,45278,3.0E-4,163,,,,,,
2024,DOG,ENGLISH FOXHOUND,9,47219,2.0E-4,177,12,-3,-0.25,3.0E-4,-1.0E-4,-0.3333
2025,DOG,ENGLISH FOXHOUND,7,38688,2.0E-4,179,9,-2,-0.2222,2.0E-4,0.0,0.0
2023,DOG,ENGLISH HOUND,1,45278,0.0,250,,,,,,
2023,DOG,ENGLISH POINTER,19,45278,4.0E-4,140,,,,,,
2024,DOG,ENGLISH POINTER,19,47219,4.0E-4,139,19,0,0.0,4.0E-4,0.0,0.0
2025,DOG,ENGLISH POINTER,13,38688,3.0E-4,151,19,-6,-0.3158,4.0E-4,-1.0E-4,-0.25
2023,DOG,ENGLISH SETTER,43,45278,9.0E-4,106,,,,,,
2024,DOG,ENGLISH SETTER,43,47219,9.0E-4,108,43,0,0.0,9.0E-4,0.0,0.0
2025,DOG,ENGLISH SETTER,21,38688,5.0E-4,125,43,-22,-0.5116,9.0E-4,-4.0E-4,-0.4444
2023,DOG,ENGLISH SHEPHERD,3,45278,1.0E-4,214,,,,,,
2024,DOG,ENGLISH SHEPHERD,3,47219,1.0E-4,219,3,0,0.0,1.0E-4,0.0,0.0
2025,DOG,ENGLISH SHEPHERD,5,38688,1.0E-4,195,3,2,0.6667,1.0E-4,0.0,0.0
2023,DOG,ENGLISH SPRINGER SPANIEL,203,45278,0.0045,42,,,,,,
2024,DOG,ENGLISH SPRINGER SPANIEL,204,47219,0.0043,42,203,1,0.0049,0.0045,-2.0E-4,-0.0444
2025,DOG,ENGLISH SPRINGER SPANIEL,161,38688,0.0042,44,204,-43,-0.2108,0.0043,-1.0E-4,-0.0233
2024,DOG,ENGLISH TOY SPANIEL,1,47219,0.0,272,,,,,,
2025,DOG,ENGLISH TOY SPANIEL,2,38688,1.0E-4,229,1,1,1.0,0.0,1.0E-4,
2023,DOG,ENTLEBUCHER MOUNTAIN DOG,9,45278,2.0E-4,174,,,,,,
2024,DOG,ENTLEBUCHER MOUNTAIN DOG,17,47219,4.0E-4,147,9,8,0.8889,2.0E-4,2.0E-4,1.0
2025,DOG,ENTLEBUCHER MOUNTAIN DOG,12,38688,3.0E-4,157,17,-5,-0.2941,4.0E-4,-1.0E-4,-0.25
2023,DOG,EURASIER,13,45278,3.0E-4,158,,,,,,
2024,DOG,EURASIER,15,47219,3.0E-4,151,13,2,0.1538,3.0E-4,0.0,0.0
2025,DOG,EURASIER,19,38688,5.0E-4,129,15,4,0.2667,3.0E-4,2.0E-4,0.6667
2023,DOG,FEIST,81,45278,0.0018,76,,,,,,
2024,DOG,FEIST,81,47219,0.0017,76,81,0,0.0,0.0018,-1.0E-4,-0.0556
2025,DOG,FEIST,68,38688,0.0018,74,81,-13,-0.1605,0.0017,1.0E-4,0.0588
2023,DOG,FIELD SPANIEL,8,45278,2.0E-4,179,,,,,,
2024,DOG,FIELD SPANIEL,7,47219,1.0E-4,188,8,-1,-0.125,2.0E-4,-1.0E-4,-0.5
2025,DOG,FIELD SPANIEL,4,38688,1.0E-4,202,7,-3,-0.4286,1.0E-4,0.0,0.0
2023,DOG,FILA BRASILEIRO,10,45278,2.0E-4,170,,,,,,
2024,DOG,FILA BRASILEIRO,8,47219,2.0E-4,182,10,-2,-0.2,2.0E-4,0.0,0.0
2025,DOG,FILA BRASILEIRO,6,38688,2.0E-4,184,8,-2,-0.25,2.0E-4,0.0,0.0
2023,DOG,FINNISH SPITZ,18,45278,4.0E-4,142,,,,,,
2024,DOG,FINNISH SPITZ,19,47219,4.0E-4,140,18,1,0.0556,4.0E-4,0.0,0.0
2025,DOG,FINNISH SPITZ,16,38688,4.0E-4,139,19,-3,-0.1579,4.0E-4,0.0,0.0
2023,DOG,FLAT COATED RETRIEVER,43,45278,9.0E-4,107,,,,,,
2024,DOG,FLAT COATED RETRIEVER,45,47219,0.001,106,43,2,0.0465,9.0E-4,1.0E-4,0.1111
2025,DOG,FLAT COATED RETRIEVER,38,38688,0.001,101,45,-7,-0.1556,0.001,0.0,0.0
2023,DOG,FORMOSAN MOUNTAIN DOG,12,45278,3.0E-4,164,,,,,,
2024,DOG,FORMOSAN MOUNTAIN DOG,13,47219,3.0E-4,159,12,1,0.0833,3.0E-4,0.0,0.0
2025,DOG,FORMOSAN MOUNTAIN DOG,11,38688,3.0E-4,159,13,-2,-0.1538,3.0E-4,0.0,0.0
2025,DOG,FOX TERRIER (SM,1,38688,0.0,281,,,,,,
2023,DOG,FOX TERRIER SMOOTH,16,45278,4.0E-4,147,,,,,,
2024,DOG,FOX TERRIER SMOOTH,29,47219,6.0E-4,117,16,13,0.8125,4.0E-4,2.0E-4,0.5
2025,DOG,FOX TERRIER SMOOTH,31,38688,8.0E-4,113,29,2,0.069,6.0E-4,2.0E-4,0.3333
2023,DOG,FOX TERRIER WIRE,57,45278,0.0013,92,,,,,,
2024,DOG,FOX TERRIER WIRE,56,47219,0.0012,96,57,-1,-0.0175,0.0013,-1.0E-4,-0.0769
2025,DOG,FOX TERRIER WIRE,40,38688,0.001,100,56,-16,-0.2857,0.0012,-2.0E-4,-0.1667
2023,DOG,FRENCH BULLDOG,548,45278,0.0121,23,,,,,,
2024,DOG,FRENCH BULLDOG,576,47219,0.0122,23,548,28,0.0511,0.0121,1.0E-4,0.0083
2025,DOG,FRENCH BULLDOG,491,38688,0.0127,21,576,-85,-0.1476,0.0122,5.0E-4,0.041
2023,DOG,FRENCH SPANIEL,2,45278,0.0,226,,,,,,
2024,DOG,FRENCH SPANIEL,2,47219,0.0,231,2,0,0.0,0.0,0.0,
2025,DOG,FRENCH SPANIEL,1,38688,0.0,282,2,-1,-0.5,0.0,0.0,
2023,DOG,GANARASKAN,50,45278,0.0011,101,,,,,,
2024,DOG,GANARASKAN,56,47219,0.0012,97,50,6,0.12,0.0011,1.0E-4,0.0909
2025,DOG,GANARASKAN,33,38688,9.0E-4,111,56,-23,-0.4107,0.0012,-3.0E-4,-0.25
2023,DOG,GERMAN PINSCHER,7,45278,2.0E-4,186,,,,,,
2024,DOG,GERMAN PINSCHER,10,47219,2.0E-4,172,7,3,0.4286,2.0E-4,0.0,0.0
2025,DOG,GERMAN PINSCHER,9,38688,2.0E-4,169,10,-1,-0.1,2.0E-4,0.0,0.0
2025,DOG,GERMAN POINTER,2,38688,1.0E-4,230,,,,,,
2023,DOG,GERMAN SHEPHERD DOG,2222,45278,0.0491,3,,,,,,
2024,DOG,GERMAN SHEPHERD DOG,2264,47219,0.0479,3,2222,42,0.0189,0.0491,-0.0012,-0.0244
2025,DOG,GERMAN SHEPHERD DOG,1809,38688,0.0468,3,2264,-455,-0.201,0.0479,-0.0011,-0.023
2024,DOG,GERMAN SHEPPHER,1,47219,0.0,273,,,,,,
2025,DOG,GERMAN SHEPPHER,2,38688,1.0E-4,231,1,1,1.0,0.0,1.0E-4,
2023,DOG,GERMAN SHORTHAIRED POINTER,152,45278,0.0034,50,,,,,,
2024,DOG,GERMAN SHORTHAIRED POINTER,147,47219,0.0031,54,152,-5,-0.0329,0.0034,-3.0E-4,-0.0882
2025,DOG,GERMAN SHORTHAIRED POINTER,109,38688,0.0028,59,147,-38,-0.2585,0.0031,-3.0E-4,-0.0968
2023,DOG,GERMAN WIREHAIRED POINTER,8,45278,2.0E-4,180,,,,,,
2024,DOG,GERMAN WIREHAIRED POINTER,7,47219,1.0E-4,189,8,-1,-0.125,2.0E-4,-1.0E-4,-0.5
2025,DOG,GERMAN WIREHAIRED POINTER,7,38688,2.0E-4,180,7,0,0.0,1.0E-4,1.0E-4,1.0
2023,DOG,GIANT SCHNAUZER,20,45278,4.0E-4,135,,,,,,
2024,DOG,GIANT SCHNAUZER,15,47219,3.0E-4,152,20,-5,-0.25,4.0E-4,-1.0E-4,-0.25
2025,DOG,GIANT SCHNAUZER,19,38688,5.0E-4,130,15,4,0.2667,3.0E-4,2.0E-4,0.6667
2023,DOG,GLEN OF IMAAL TERRIER,4,45278,1.0E-4,207,,,,,,
2024,DOG,GLEN OF IMAAL TERRIER,4,47219,1.0E-4,206,4,0,0.0,1.0E-4,0.0,0.0
2025,DOG,GLEN OF IMAAL TERRIER,3,38688,1.0E-4,214,4,-1,-0.25,1.0E-4,0.0,0.0
2024,DOG,GOLDEN RETR - P,1,47219,0.0,274,,,,,,
2025,DOG,GOLDEN RETR - P,1,38688,0.0,283,1,0,0.0,0.0,0.0,
2023,DOG,GOLDEN RETRIEVER,3586,45278,0.0792,2,,,,,,
2024,DOG,GOLDEN RETRIEVER,3679,47219,0.0779,2,3586,93,0.0259,0.0792,-0.0013,-0.0164
2025,DOG,GOLDEN RETRIEVER,3095,38688,0.08,2,3679,-584,-0.1587,0.0779,0.0021,0.027
2023,DOG,GOLDENDOODLE,4,45278,1.0E-4,208,,,,,,
2024,DOG,GOLDENDOODLE,6,47219,1.0E-4,194,4,2,0.5,1.0E-4,0.0,0.0
2025,DOG,GOLDENDOODLE,6,38688,2.0E-4,185,6,0,0.0,1.0E-4,1.0E-4,1.0
2023,DOG,GORDON SETTER,4,45278,1.0E-4,209,,,,,,
2024,DOG,GORDON SETTER,5,47219,1.0E-4,197,4,1,0.25,1.0E-4,0.0,0.0
2025,DOG,GORDON SETTER,2,38688,1.0E-4,232,5,-3,-0.6,1.0E-4,0.0,0.0
2023,DOG,GRAND BASSET GRIFFON VENDEEN,2,45278,0.0,227,,,,,,
2024,DOG,GRAND BASSET GRIFFON VENDEEN,1,47219,0.0,275,2,-1,-0.5,0.0,0.0,
2025,DOG,GRAND BASSET GRIFFON VENDEEN,3,38688,1.0E-4,215,1,2,2.0,0.0,1.0E-4,
2023,DOG,GREAT DANE,127,45278,0.0028,59,,,,,,
2024,DOG,GREAT DANE,143,47219,0.003,57,127,16,0.126,0.0028,2.0E-4,0.0714
2025,DOG,GREAT DANE,113,38688,0.0029,56,143,-30,-0.2098,0.003,-1.0E-4,-0.0333
2023,DOG,GREAT PYRENEES,103,45278,0.0023,64,,,,,,
2024,DOG,GREAT PYRENEES,106,47219,0.0022,67,103,3,0.0291,0.0023,-1.0E-4,-0.0435
2025,DOG,GREAT PYRENEES,90,38688,0.0023,65,106,-16,-0.1509,0.0022,1.0E-4,0.0455
2023,DOG,GREATER SWISS MOUNTAIN DOG,13,45278,3.0E-4,159,,,,,,
2024,DOG,GREATER SWISS MOUNTAIN DOG,15,47219,3.0E-4,153,13,2,0.1538,3.0E-4,0.0,0.0
2025,DOG,GREATER SWISS MOUNTAIN DOG,13,38688,3.0E-4,152,15,-2,-0.1333,3.0E-4,0.0,0.0
2024,DOG,GREEK SHEPHERD,1,47219,0.0,276,,,,,,
2025,DOG,GREEK SHEPPARD,1,38688,0.0,284,,,,,,
2023,DOG,GREYHOUND,111,45278,0.0025,62,,,,,,
2024,DOG,GREYHOUND,100,47219,0.0021,70,111,-11,-0.0991,0.0025,-4.0E-4,-0.16
2025,DOG,GREYHOUND,89,38688,0.0023,66,100,-11,-0.11,0.0021,2.0E-4,0.0952
2023,DOG,HARRIER,2,45278,0.0,228,,,,,,
2024,DOG,HARRIER,1,47219,0.0,277,2,-1,-0.5,0.0,0.0,
2025,DOG,HARRIER,1,38688,0.0,285,1,0,0.0,0.0,0.0,
2023,DOG,HAVANESE,582,45278,0.0129,20,,,,,,
2024,DOG,HAVANESE,617,47219,0.0131,21,582,35,0.0601,0.0129,2.0E-4,0.0155
2025,DOG,HAVANESE,513,38688,0.0133,20,617,-104,-0.1686,0.0131,2.0E-4,0.0153
2023,DOG,HOUND,255,45278,0.0056,39,,,,,,
2024,DOG,HOUND,254,47219,0.0054,40,255,-1,-0.0039,0.0056,-2.0E-4,-0.0357
2025,DOG,HOUND,204,38688,0.0053,41,254,-50,-0.1969,0.0054,-1.0E-4,-0.0185
2023,DOG,HOVAWART,3,45278,1.0E-4,215,,,,,,
2024,DOG,HOVAWART,1,47219,0.0,278,3,-2,-0.6667,1.0E-4,-1.0E-4,-1.0
2025,DOG,HOVAWART,2,38688,1.0E-4,233,1,1,1.0,0.0,1.0E-4,
2023,DOG,HUSKY,1,45278,0.0,251,,,,,,
2025,DOG,HUSKY ROTTTWEIL,1,38688,0.0,286,,,,,,
2025,DOG,HUSKY/RIDGEBACK,1,38688,0.0,287,,,,,,
2023,DOG,IBIZAN HOUND,3,45278,1.0E-4,216,,,,,,
2024,DOG,IBIZAN HOUND,4,47219,1.0E-4,207,3,1,0.3333,1.0E-4,0.0,0.0
2025,DOG,IBIZAN HOUND,2,38688,1.0E-4,234,4,-2,-0.5,1.0E-4,0.0,0.0
2023,DOG,ICELANDIC SHEEPDOG,5,45278,1.0E-4,201,,,,,,
2024,DOG,ICELANDIC SHEEPDOG,4,47219,1.0E-4,208,5,-1,-0.2,1.0E-4,0.0,0.0
2025,DOG,ICELANDIC SHEEPDOG,2,38688,1.0E-4,235,4,-2,-0.5,1.0E-4,0.0,0.0
2023,DOG,INDIAN PARIAH DOG,2,45278,0.0,229,,,,,,
2024,DOG,INDIAN PARIAH DOG,3,47219,1.0E-4,220,2,1,0.5,0.0,1.0E-4,
2025,DOG,INDIAN PARIAH DOG,2,38688,1.0E-4,236,3,-1,-0.3333,1.0E-4,0.0,0.0
2023,DOG,IRISH SETTER,51,45278,0.0011,100,,,,,,
2024,DOG,IRISH SETTER,49,47219,0.001,102,51,-2,-0.0392,0.0011,-1.0E-4,-0.0909
2025,DOG,IRISH SETTER,41,38688,0.0011,98,49,-8,-0.1633,0.001,1.0E-4,0.1
2023,DOG,IRISH TERRIER,28,45278,6.0E-4,121,,,,,,
2024,DOG,IRISH TERRIER,29,47219,6.0E-4,118,28,1,0.0357,6.0E-4,0.0,0.0
2025,DOG,IRISH TERRIER,18,38688,5.0E-4,135,29,-11,-0.3793,6.0E-4,-1.0E-4,-0.1667
2023,DOG,IRISH WATER SPANIEL,3,45278,1.0E-4,217,,,,,,
2024,DOG,IRISH WATER SPANIEL,4,47219,1.0E-4,209,3,1,0.3333,1.0E-4,0.0,0.0
2025,DOG,IRISH WATER SPANIEL,4,38688,1.0E-4,203,4,0,0.0,1.0E-4,0.0,0.0
2023,DOG,IRISH WOLFHOUND,24,45278,5.0E-4,130,,,,,,
2024,DOG,IRISH WOLFHOUND,21,47219,4.0E-4,134,24,-3,-0.125,5.0E-4,-1.0E-4,-0.2
2025,DOG,IRISH WOLFHOUND,19,38688,5.0E-4,131,21,-2,-0.0952,4.0E-4,1.0E-4,0.25
2024,DOG,ITAL SPINONE,1,47219,0.0,279,,,,,,
2023,DOG,ITALIAN GREYHOUND,61,45278,0.0013,87,,,,,,
2024,DOG,ITALIAN GREYHOUND,42,47219,9.0E-4,109,61,-19,-0.3115,0.0013,-4.0E-4,-0.3077
2025,DOG,ITALIAN GREYHOUND,36,38688,9.0E-4,105,42,-6,-0.1429,9.0E-4,0.0,0.0
2023,DOG,JACK RUSSELL TERRIER,6,45278,1.0E-4,196,,,,,,
2024,DOG,JACK RUSSELL TERRIER,7,47219,1.0E-4,190,6,1,0.1667,1.0E-4,0.0,0.0
2025,DOG,JACK RUSSELL TERRIER,13,38688,3.0E-4,153,7,6,0.8571,1.0E-4,2.0E-4,2.0
2023,DOG,JAPANESE CHIN,11,45278,2.0E-4,167,,,,,,
2024,DOG,JAPANESE CHIN,15,47219,3.0E-4,154,11,4,0.3636,2.0E-4,1.0E-4,0.5
2025,DOG,JAPANESE CHIN,10,38688,3.0E-4,162,15,-5,-0.3333,3.0E-4,0.0,0.0
2024,DOG,JAVANESE,1,47219,0.0,280,,,,,,
2023,DOG,JINDO,128,45278,0.0028,58,,,,,,
2024,DOG,JINDO,180,47219,0.0038,48,128,52,0.4063,0.0028,0.001,0.3571
2025,DOG,JINDO,166,38688,0.0043,43,180,-14,-0.0778,0.0038,5.0E-4,0.1316
2023,DOG,KANGAL,3,45278,1.0E-4,218,,,,,,
2024,DOG,KANGAL,9,47219,2.0E-4,178,3,6,2.0,1.0E-4,1.0E-4,1.0
2025,DOG,KANGAL,8,38688,2.0E-4,175,9,-1,-0.1111,2.0E-4,0.0,0.0
2023,DOG,KARELIAN BEAR DOG,7,45278,2.0E-4,187,,,,,,
2024,DOG,KARELIAN BEAR DOG,4,47219,1.0E-4,210,7,-3,-0.4286,2.0E-4,-1.0E-4,-0.5
2025,DOG,KARELIAN BEAR DOG,2,38688,1.0E-4,237,4,-2,-0.5,1.0E-4,0.0,0.0
2023,DOG,KEESHOND,19,45278,4.0E-4,141,,,,,,
2024,DOG,KEESHOND,23,47219,5.0E-4,132,19,4,0.2105,4.0E-4,1.0E-4,0.25
2025,DOG,KEESHOND,15,38688,4.0E-4,146,23,-8,-0.3478,5.0E-4,-1.0E-4,-0.2
2023,DOG,KERRY BLUE TERRIER,10,45278,2.0E-4,171,,,,,,
2024,DOG,KERRY BLUE TERRIER,16,47219,3.0E-4,148,10,6,0.6,2.0E-4,1.0E-4,0.5
2025,DOG,KERRY BLUE TERRIER,7,38688,2.0E-4,181,16,-9,-0.5625,3.0E-4,-1.0E-4,-0.3333
2023,DOG,KOMONDOR,5,45278,1.0E-4,202,,,,,,
2024,DOG,KOMONDOR,6,47219,1.0E-4,195,5,1,0.2,1.0E-4,0.0,0.0
2025,DOG,KOMONDOR,3,38688,1.0E-4,216,6,-3,-0.5,1.0E-4,0.0,0.0
2023,DOG,KOOIKERHONDJE,1,45278,0.0,252,,,,,,
2024,DOG,KOOIKERHONDJE,1,47219,0.0,281,1,0,0.0,0.0,0.0,
2025,DOG,KOOIKERHONDJE,1,38688,0.0,288,1,0,0.0,0.0,0.0,
2025,DOG,KOOLIE,1,38688,0.0,289,,,,,,
2023,DOG,KUVASZ,7,45278,2.0E-4,188,,,,,,
2024,DOG,KUVASZ,8,47219,2.0E-4,183,7,1,0.1429,2.0E-4,0.0,0.0
2025,DOG,KUVASZ,6,38688,2.0E-4,186,8,-2,-0.25,2.0E-4,0.0,0.0
2023,DOG,LABADOR,1,45278,0.0,253,,,,,,
2023,DOG,LABRADOODLE,3,45278,1.0E-4,219,,,,,,
2024,DOG,LABRADOODLE,1,47219,0.0,282,3,-2,-0.6667,1.0E-4,-1.0E-4,-1.0
2025,DOG,LABRADOODLE,3,38688,1.0E-4,217,1,2,2.0,0.0,1.0E-4,
2025,DOG,LABRADOR RETRIE,1,38688,0.0,290,,,,,,
2023,DOG,LABRADOR RETRIEVER,4646,45278,0.1026,1,,,,,,
2024,DOG,LABRADOR RETRIEVER,4650,47219,0.0985,1,4646,4,9.0E-4,0.1026,-0.0041,-0.04
2025,DOG,LABRADOR RETRIEVER,3709,38688,0.0959,1,4650,-941,-0.2024,0.0985,-0.0026,-0.0264
2023,DOG,LAGOTTO,1,45278,0.0,254,,,,,,
2023,DOG,LAGOTTO ROMAGNOLO,33,45278,7.0E-4,113,,,,,,
2024,DOG,LAGOTTO ROMAGNOLO,37,47219,8.0E-4,115,33,4,0.1212,7.0E-4,1.0E-4,0.1429
2025,DOG,LAGOTTO ROMAGNOLO,38,38688,0.001,102,37,1,0.027,8.0E-4,2.0E-4,0.25
2024,DOG,LAGOTTO ROMANGO,3,47219,1.0E-4,221,,,,,,
2023,DOG,LAGOTTO ROMNGIO,1,45278,0.0,255,,,,,,
2023,DOG,LAKELAND TERRIER,14,45278,3.0E-4,154,,,,,,
2024,DOG,LAKELAND TERRIER,13,47219,3.0E-4,160,14,-1,-0.0714,3.0E-4,0.0,0.0
2025,DOG,LAKELAND TERRIER,7,38688,2.0E-4,182,13,-6,-0.4615,3.0E-4,-1.0E-4,-0.3333
2023,DOG,LANDSEER,4,45278,1.0E-4,210,,,,,,
2024,DOG,LANDSEER,4,47219,1.0E-4,211,4,0,0.0,1.0E-4,0.0,0.0
2025,DOG,LANDSEER,2,38688,1.0E-4,238,4,-2,-0.5,1.0E-4,0.0,0.0
2023,DOG,LEONBERGER,21,45278,5.0E-4,131,,,,,,
2024,DOG,LEONBERGER,24,47219,5.0E-4,129,21,3,0.1429,5.0E-4,0.0,0.0
2025,DOG,LEONBERGER,18,38688,5.0E-4,136,24,-6,-0.25,5.0E-4,0.0,0.0
2023,DOG,LHASA APSO,101,45278,0.0022,65,,,,,,
2024,DOG,LHASA APSO,90,47219,0.0019,73,101,-11,-0.1089,0.0022,-3.0E-4,-0.1364
2025,DOG,LHASA APSO,63,38688,0.0016,77,90,-27,-0.3,0.0019,-3.0E-4,-0.1579
2025,DOG,LHASO APSO (SHO,1,38688,0.0,291,,,,,,
2025,DOG,LONG HAIRED DAC,1,38688,0.0,292,,,,,,
2023,DOG,LOWCHEN,3,45278,1.0E-4,220,,,,,,
2024,DOG,LOWCHEN,3,47219,1.0E-4,222,3,0,0.0,1.0E-4,0.0,0.0
2025,DOG,LOWCHEN,2,38688,1.0E-4,239,3,-1,-0.3333,1.0E-4,0.0,0.0
2023,DOG,MALSHI,1,45278,0.0,256,,,,,,
2023,DOG,MALTESE,1216,45278,0.0269,9,,,,,,
2024,DOG,MALTESE,1304,47219,0.0276,9,1216,88,0.0724,0.0269,7.0E-4,0.026
2025,DOG,MALTESE,1032,38688,0.0267,10,1304,-272,-0.2086,0.0276,-9.0E-4,-0.0326
2025,DOG,MALTESE MIX PAR,1,38688,0.0,293,,,,,,
2023,DOG,MANCHESTER TERRIER,9,45278,2.0E-4,175,,,,,,
2024,DOG,MANCHESTER TERRIER,12,47219,3.0E-4,166,9,3,0.3333,2.0E-4,1.0E-4,0.5
2025,DOG,MANCHESTER TERRIER,9,38688,2.0E-4,170,12,-3,-0.25,3.0E-4,-1.0E-4,-0.3333
2023,DOG,MAREMMA SHEEPDOG,25,45278,6.0E-4,129,,,,,,
2024,DOG,MAREMMA SHEEPDOG,21,47219,4.0E-4,135,25,-4,-0.16,6.0E-4,-2.0E-4,-0.3333
2025,DOG,MAREMMA SHEEPDOG,19,38688,5.0E-4,132,21,-2,-0.0952,4.0E-4,1.0E-4,0.25
2023,DOG,MASTIFF,138,45278,0.003,55,,,,,,
2024,DOG,MASTIFF,202,47219,0.0043,44,138,64,0.4638,0.003,0.0013,0.4333
2025,DOG,MASTIFF,157,38688,0.0041,47,202,-45,-0.2228,0.0043,-2.0E-4,-0.0465
2025,DOG,MASTIFF - LAB M,1,38688,0.0,294,,,,,,
2023,DOG,MCNAB DOG,1,45278,0.0,257,,,,,,
2024,DOG,MCNAB DOG,1,47219,0.0,283,1,0,0.0,0.0,0.0,
2025,DOG,MCNAB DOG,1,38688,0.0,295,1,0,0.0,0.0,0.0,
2023,DOG,MEXICAN VILLAGE,1,45278,0.0,258,,,,,,
2025,DOG,MICRO BULLY,1,38688,0.0,296,,,,,,
2025,DOG,MICRO EXOTIC BU,1,38688,0.0,297,,,,,,
2024,DOG,MINI AUSSIEDOOD,1,47219,0.0,284,,,,,,
2023,DOG,MINI BULLDOG,1,45278,0.0,259,,,,,,
2024,DOG,MINI BULLDOG,2,47219,0.0,232,1,1,1.0,0.0,0.0,
2024,DOG,MINIATURE AMERICAN SHEPHERD,2,47219,0.0,233,,,,,,
2025,DOG,MINIATURE AMERICAN SHEPHERD,3,38688,1.0E-4,218,2,1,0.5,0.0,1.0E-4,
2023,DOG,MINIATURE BULL TERRIER,13,45278,3.0E-4,160,,,,,,
2024,DOG,MINIATURE BULL TERRIER,13,47219,3.0E-4,161,13,0,0.0,3.0E-4,0.0,0.0
2025,DOG,MINIATURE BULL TERRIER,12,38688,3.0E-4,158,13,-1,-0.0769,3.0E-4,0.0,0.0
2023,DOG,MINIATURE PINSCHER,175,45278,0.0039,47,,,,,,
2024,DOG,MINIATURE PINSCHER,178,47219,0.0038,49,175,3,0.0171,0.0039,-1.0E-4,-0.0256
2025,DOG,MINIATURE PINSCHER,135,38688,0.0035,53,178,-43,-0.2416,0.0038,-3.0E-4,-0.0789
2023,DOG,MINIATURE SCHNAUZER,556,45278,0.0123,22,,,,,,
2024,DOG,MINIATURE SCHNAUZER,578,47219,0.0122,22,556,22,0.0396,0.0123,-1.0E-4,-0.0081
2025,DOG,MINIATURE SCHNAUZER,460,38688,0.0119,25,578,-118,-0.2042,0.0122,-3.0E-4,-0.0246
2025,DOG,MIX CHIHUAHUA A,1,38688,0.0,298,,,,,,
2025,DOG,MIX OF SHIHPOO,1,38688,0.0,299,,,,,,
2023,DOG,MIX RAGDOLL,1,45278,0.0,260,,,,,,
2025,DOG,MIX SHIH TZU BI,1,38688,0.0,300,,,,,,
2025,DOG,MIXBREED,1,38688,0.0,301,,,,,,
2025,DOG,MIXED BREAD,1,38688,0.0,302,,,,,,
2023,DOG,MIXED BREED,17,45278,4.0E-4,144,,,,,,
2024,DOG,MIXED BREED,19,47219,4.0E-4,141,17,2,0.1176,4.0E-4,0.0,0.0
2025,DOG,MIXED BREED,51,38688,0.0013,93,19,32,1.6842,4.0E-4,9.0E-4,2.25
2024,DOG,MIXED BREED ROT,1,47219,0.0,285,,,,,,
2025,DOG,MIXED BREED ROT,1,38688,0.0,303,1,0,0.0,0.0,0.0,
2025,DOG,MIXED LAB CROSS,1,38688,0.0,304,,,,,,
2023,DOG,MIXED POTCAKE,1,45278,0.0,261,,,,,,
2023,DOG,MONGREL,1,45278,0.0,262,,,,,,
2025,DOG,MONGREL,1,38688,0.0,305,1,0,0.0,0.0,0.0,
2023,DOG,MORKIE,1,45278,0.0,263,,,,,,
2024,DOG,MORKIE,1,47219,0.0,286,1,0,0.0,0.0,0.0,
2025,DOG,MORKIE,3,38688,1.0E-4,219,1,2,2.0,0.0,1.0E-4,
2024,DOG,MOUNTAIN CUR,1,47219,0.0,287,,,,,,
2025,DOG,MOUNTAIN CUR,2,38688,1.0E-4,240,1,1,1.0,0.0,1.0E-4,
2023,DOG,MUNSTERLANDER,26,45278,6.0E-4,125,,,,,,
2024,DOG,MUNSTERLANDER,23,47219,5.0E-4,133,26,-3,-0.1154,6.0E-4,-1.0E-4,-0.1667
2025,DOG,MUNSTERLANDER,19,38688,5.0E-4,133,23,-4,-0.1739,5.0E-4,0.0,0.0
2023,DOG,NEAPOLITAN MASTIFF,2,45278,0.0,230,,,,,,
2024,DOG,NEAPOLITAN MASTIFF,3,47219,1.0E-4,223,2,1,0.5,0.0,1.0E-4,
2025,DOG,NEAPOLITAN MASTIFF,2,38688,1.0E-4,241,3,-1,-0.3333,1.0E-4,0.0,0.0
2023,DOG,NEWFOUNDLAND,67,45278,0.0015,85,,,,,,
2024,DOG,NEWFOUNDLAND,68,47219,0.0014,90,67,1,0.0149,0.0015,-1.0E-4,-0.0667
2025,DOG,NEWFOUNDLAND,48,38688,0.0012,95,68,-20,-0.2941,0.0014,-2.0E-4,-0.1429
2025,DOG,NEWFYPOO,1,38688,0.0,306,,,,,,
2023,DOG,NORFOLK TERRIER,30,45278,7.0E-4,119,,,,,,
2024,DOG,NORFOLK TERRIER,31,47219,7.0E-4,116,30,1,0.0333,7.0E-4,0.0,0.0
2025,DOG,NORFOLK TERRIER,24,38688,6.0E-4,123,31,-7,-0.2258,7.0E-4,-1.0E-4,-0.1429
2023,DOG,NORWEGIAN BUHUND,7,45278,2.0E-4,189,,,,,,
2024,DOG,NORWEGIAN BUHUND,10,47219,2.0E-4,173,7,3,0.4286,2.0E-4,0.0,0.0
2025,DOG,NORWEGIAN BUHUND,4,38688,1.0E-4,204,10,-6,-0.6,2.0E-4,-1.0E-4,-0.5
2023,DOG,NORWEGIAN ELKHOUND,17,45278,4.0E-4,145,,,,,,
2024,DOG,NORWEGIAN ELKHOUND,18,47219,4.0E-4,145,17,1,0.0588,4.0E-4,0.0,0.0
2025,DOG,NORWEGIAN ELKHOUND,19,38688,5.0E-4,134,18,1,0.0556,4.0E-4,1.0E-4,0.25
2023,DOG,NORWICH TERRIER,21,45278,5.0E-4,132,,,,,,
2024,DOG,NORWICH TERRIER,24,47219,5.0E-4,130,21,3,0.1429,5.0E-4,0.0,0.0
2025,DOG,NORWICH TERRIER,20,38688,5.0E-4,126,24,-4,-0.1667,5.0E-4,0.0,0.0
2023,DOG,NOVA SCOTIA DUCK TOLLING RETRIEVER,87,45278,0.0019,72,,,,,,
2024,DOG,NOVA SCOTIA DUCK TOLLING RETRIEVER,88,47219,0.0019,74,87,1,0.0115,0.0019,0.0,0.0
2025,DOG,NOVA SCOTIA DUCK TOLLING RETRIEVER,76,38688,0.002,71,88,-12,-0.1364,0.0019,1.0E-4,0.0526
2023,DOG,OLD ENGLISH SHEEPDOG,149,45278,0.0033,52,,,,,,
2024,DOG,OLD ENGLISH SHEEPDOG,149,47219,0.0032,53,149,0,0.0,0.0033,-1.0E-4,-0.0303
2025,DOG,OLD ENGLISH SHEEPDOG,126,38688,0.0033,54,149,-23,-0.1544,0.0032,1.0E-4,0.0312
2023,DOG,OLDE ENGLISH BULLDOGGE,79,45278,0.0017,78,,,,,,
2024,DOG,OLDE ENGLISH BULLDOGGE,79,47219,0.0017,79,79,0,0.0,0.0017,0.0,0.0
2025,DOG,OLDE ENGLISH BULLDOGGE,62,38688,0.0016,81,79,-17,-0.2152,0.0017,-1.0E-4,-0.0588
2023,DOG,PAPILLON,86,45278,0.0019,73,,,,,,
2024,DOG,PAPILLON,102,47219,0.0022,69,86,16,0.186,0.0019,3.0E-4,0.1579
2025,DOG,PAPILLON,71,38688,0.0018,73,102,-31,-0.3039,0.0022,-4.0E-4,-0.1818
2023,DOG,PARSON JACK RUSSELL TERRIER,1,45278,0.0,264,,,,,,
2024,DOG,PARSON JACK RUSSELL TERRIER,1,47219,0.0,288,1,0,0.0,0.0,0.0,
2025,DOG,PARSON JACK RUSSELL TERRIER,1,38688,0.0,307,1,0,0.0,0.0,0.0,
2023,DOG,PARSON RUSSELL TERRIER,760,45278,0.0168,16,,,,,,
2024,DOG,PARSON RUSSELL TERRIER,716,47219,0.0152,18,760,-44,-0.0579,0.0168,-0.0016,-0.0952
2025,DOG,PARSON RUSSELL TERRIER,516,38688,0.0133,19,716,-200,-0.2793,0.0152,-0.0019,-0.125
2023,DOG,PATTERDALE TERRIER,7,45278,2.0E-4,190,,,,,,
2024,DOG,PATTERDALE TERRIER,4,47219,1.0E-4,212,7,-3,-0.4286,2.0E-4,-1.0E-4,-0.5
2025,DOG,PATTERDALE TERRIER,4,38688,1.0E-4,205,4,0,0.0,1.0E-4,0.0,0.0
2023,DOG,PEKINGESE,60,45278,0.0013,89,,,,,,
2024,DOG,PEKINGESE,65,47219,0.0014,92,60,5,0.0833,0.0013,1.0E-4,0.0769
2025,DOG,PEKINGESE,53,38688,0.0014,88,65,-12,-0.1846,0.0014,0.0,0.0
2023,DOG,PEMBROKE WELSH CORGI,250,45278,0.0055,40,,,,,,
2024,DOG,PEMBROKE WELSH CORGI,315,47219,0.0067,35,250,65,0.26,0.0055,0.0012,0.2182
2025,DOG,PEMBROKE WELSH CORGI,297,38688,0.0077,32,315,-18,-0.0571,0.0067,0.001,0.1493
2023,DOG,PERUVIAN HAIRLESS DOG,1,45278,0.0,265,,,,,,
2024,DOG,PERUVIAN HAIRLESS DOG,1,47219,0.0,289,1,0,0.0,0.0,0.0,
2023,DOG,PETIT BASSET GRIFFON VENDEEN,7,45278,2.0E-4,191,,,,,,
2024,DOG,PETIT BASSET GRIFFON VENDEEN,5,47219,1.0E-4,198,7,-2,-0.2857,2.0E-4,-1.0E-4,-0.5
2025,DOG,PETIT BASSET GRIFFON VENDEEN,3,38688,1.0E-4,220,5,-2,-0.4,1.0E-4,0.0,0.0
2023,DOG,PHARAOH HOUND,6,45278,1.0E-4,197,,,,,,
2024,DOG,PHARAOH HOUND,8,47219,2.0E-4,184,6,2,0.3333,1.0E-4,1.0E-4,1.0
2025,DOG,PHARAOH HOUND,5,38688,1.0E-4,196,8,-3,-0.375,2.0E-4,-1.0E-4,-0.5
2023,DOG,PICARDY SHEEPDOG,6,45278,1.0E-4,198,,,,,,
2024,DOG,PICARDY SHEEPDOG,4,47219,1.0E-4,213,6,-2,-0.3333,1.0E-4,0.0,0.0
2025,DOG,PICARDY SHEEPDOG,2,38688,1.0E-4,242,4,-2,-0.5,1.0E-4,0.0,0.0
2025,DOG,PITBULL CANE CO,1,38688,0.0,308,,,,,,
2023,DOG,PLOTT HOUND,28,45278,6.0E-4,122,,,,,,
2024,DOG,PLOTT HOUND,26,47219,6.0E-4,124,28,-2,-0.0714,6.0E-4,0.0,0.0
2025,DOG,PLOTT HOUND,22,38688,6.0E-4,124,26,-4,-0.1538,6.0E-4,0.0,0.0
2023,DOG,PODENGO,1,45278,0.0,266,,,,,,
2023,DOG,POINTER,57,45278,0.0013,93,,,,,,
2024,DOG,POINTER,73,47219,0.0015,85,57,16,0.2807,0.0013,2.0E-4,0.1538
2025,DOG,POINTER,67,38688,0.0017,76,73,-6,-0.0822,0.0015,2.0E-4,0.1333
2023,DOG,POLISH LOWLAND SHEEPDOG,9,45278,2.0E-4,176,,,,,,
2024,DOG,POLISH LOWLAND SHEEPDOG,13,47219,3.0E-4,162,9,4,0.4444,2.0E-4,1.0E-4,0.5
2025,DOG,POLISH LOWLAND SHEEPDOG,6,38688,2.0E-4,187,13,-7,-0.5385,3.0E-4,-1.0E-4,-0.3333
2023,DOG,POMERANIAN,698,45278,0.0154,17,,,,,,
2024,DOG,POMERANIAN,713,47219,0.0151,19,698,15,0.0215,0.0154,-3.0E-4,-0.0195
2025,DOG,POMERANIAN,594,38688,0.0154,18,713,-119,-0.1669,0.0151,3.0E-4,0.0199
2023,DOG,POMSKY,1,45278,0.0,267,,,,,,
2024,DOG,POMSKY,1,47219,0.0,290,1,0,0.0,0.0,0.0,
2025,DOG,POMSKY,2,38688,1.0E-4,243,1,1,1.0,0.0,1.0E-4,
2023,DOG,POODLE,4,45278,1.0E-4,211,,,,,,
2024,DOG,POODLE,3,47219,1.0E-4,224,4,-1,-0.25,1.0E-4,0.0,0.0
2025,DOG,POODLE,3,38688,1.0E-4,221,3,0,0.0,1.0E-4,0.0,0.0
2025,DOG,POODLE CROSS,1,38688,0.0,309,,,,,,
2023,DOG,POODLE MINIATURE,1810,45278,0.04,5,,,,,,
2024,DOG,POODLE MINIATURE,1803,47219,0.0382,5,1810,-7,-0.0039,0.04,-0.0018,-0.045
2025,DOG,POODLE MINIATURE,1416,38688,0.0366,6,1803,-387,-0.2146,0.0382,-0.0016,-0.0419
2023,DOG,POODLE STANDARD,1145,45278,0.0253,11,,,,,,
2024,DOG,POODLE STANDARD,1098,47219,0.0233,12,1145,-47,-0.041,0.0253,-0.002,-0.0791
2025,DOG,POODLE STANDARD,907,38688,0.0234,11,1098,-191,-0.174,0.0233,1.0E-4,0.0043
2023,DOG,POODLE TOY,529,45278,0.0117,24,,,,,,
2024,DOG,POODLE TOY,542,47219,0.0115,26,529,13,0.0246,0.0117,-2.0E-4,-0.0171
2025,DOG,POODLE TOY,485,38688,0.0125,22,542,-57,-0.1052,0.0115,0.001,0.087
2025,DOG,PORTIDOODLE,1,38688,0.0,310,,,,,,
2024,DOG,PORTUGUESE CATTLE DOG,2,47219,0.0,234,,,,,,
2025,DOG,PORTUGUESE CATTLE DOG,1,38688,0.0,311,2,-1,-0.5,0.0,0.0,
2023,DOG,PORTUGUESE PODENGO PEQUENO,32,45278,7.0E-4,117,,,,,,
2024,DOG,PORTUGUESE PODENGO PEQUENO,39,47219,8.0E-4,112,32,7,0.2188,7.0E-4,1.0E-4,0.1429
2025,DOG,PORTUGUESE PODENGO PEQUENO,26,38688,7.0E-4,119,39,-13,-0.3333,8.0E-4,-1.0E-4,-0.125
2023,DOG,PORTUGUESE WATER DOG,423,45278,0.0093,29,,,,,,
2024,DOG,PORTUGUESE WATER DOG,401,47219,0.0085,31,423,-22,-0.052,0.0093,-8.0E-4,-0.086
2025,DOG,PORTUGUESE WATER DOG,332,38688,0.0086,31,401,-69,-0.1721,0.0085,1.0E-4,0.0118
2023,DOG,POTCAKE,28,45278,6.0E-4,123,,,,,,
2024,DOG,POTCAKE,28,47219,6.0E-4,121,28,0,0.0,6.0E-4,0.0,0.0
2025,DOG,POTCAKE,28,38688,7.0E-4,116,28,0,0.0,6.0E-4,1.0E-4,0.1667
2023,DOG,PRESA CANARIO,54,45278,0.0012,97,,,,,,
2024,DOG,PRESA CANARIO,71,47219,0.0015,87,54,17,0.3148,0.0012,3.0E-4,0.25
2025,DOG,PRESA CANARIO,52,38688,0.0013,90,71,-19,-0.2676,0.0015,-2.0E-4,-0.1333
2025,DOG,PUDDLE,1,38688,0.0,312,,,,,,
2023,DOG,PUDELPOINTER,5,45278,1.0E-4,203,,,,,,
2024,DOG,PUDELPOINTER,5,47219,1.0E-4,199,5,0,0.0,1.0E-4,0.0,0.0
2025,DOG,PUDELPOINTER,5,38688,1.0E-4,197,5,0,0.0,1.0E-4,0.0,0.0
2023,DOG,PUG,482,45278,0.0106,26,,,,,,
2024,DOG,PUG,476,47219,0.0101,27,482,-6,-0.0124,0.0106,-5.0E-4,-0.0472
2025,DOG,PUG,364,38688,0.0094,29,476,-112,-0.2353,0.0101,-7.0E-4,-0.0693
2023,DOG,PUG X POODLE,1,45278,0.0,268,,,,,,
2024,DOG,PUG X POODLE,1,47219,0.0,291,1,0,0.0,0.0,0.0,
2025,DOG,PUG X POODLE,1,38688,0.0,313,1,0,0.0,0.0,0.0,
2023,DOG,PULI,14,45278,3.0E-4,155,,,,,,
2024,DOG,PULI,10,47219,2.0E-4,174,14,-4,-0.2857,3.0E-4,-1.0E-4,-0.3333
2025,DOG,PULI,8,38688,2.0E-4,176,10,-2,-0.2,2.0E-4,0.0,0.0
2023,DOG,PUMI,1,45278,0.0,269,,,,,,
2024,DOG,PUMI,1,47219,0.0,292,1,0,0.0,0.0,0.0,
2025,DOG,PUMI,1,38688,0.0,314,1,0,0.0,0.0,0.0,
2023,DOG,PYRENEAN SHEPHERD,5,45278,1.0E-4,204,,,,,,
2024,DOG,PYRENEAN SHEPHERD,11,47219,2.0E-4,170,5,6,1.2,1.0E-4,1.0E-4,1.0
2025,DOG,PYRENEAN SHEPHERD,5,38688,1.0E-4,198,11,-6,-0.5455,2.0E-4,-1.0E-4,-0.5
2023,DOG,RAT TERRIER,88,45278,0.0019,71,,,,,,
2024,DOG,RAT TERRIER,94,47219,0.002,71,88,6,0.0682,0.0019,1.0E-4,0.0526
2025,DOG,RAT TERRIER,82,38688,0.0021,68,94,-12,-0.1277,0.002,1.0E-4,0.05
2025,DOG,RAT TERRIER - B,2,38688,1.0E-4,244,,,,,,
2023,DOG,REDBONE COONHOUND,21,45278,5.0E-4,133,,,,,,
2024,DOG,REDBONE COONHOUND,18,47219,4.0E-4,146,21,-3,-0.1429,5.0E-4,-1.0E-4,-0.2
2025,DOG,REDBONE COONHOUND,16,38688,4.0E-4,140,18,-2,-0.1111,4.0E-4,0.0,0.0
2023,DOG,RHODESIAN RIDGEBACK,110,45278,0.0024,63,,,,,,
2024,DOG,RHODESIAN RIDGEBACK,111,47219,0.0024,65,110,1,0.0091,0.0024,0.0,0.0
2025,DOG,RHODESIAN RIDGEBACK,74,38688,0.0019,72,111,-37,-0.3333,0.0024,-5.0E-4,-0.2083
2023,DOG,ROTTWEILER,426,45278,0.0094,28,,,,,,
2024,DOG,ROTTWEILER,429,47219,0.0091,30,426,3,0.007,0.0094,-3.0E-4,-0.0319
2025,DOG,ROTTWEILER,424,38688,0.011,26,429,-5,-0.0117,0.0091,0.0019,0.2088
2025,DOG,ROTTWEILER MIX,2,38688,1.0E-4,245,,,,,,
2024,DOG,RUSSIAN SPITZ,1,47219,0.0,293,,,,,,
2023,DOG,RUSSIAN TOY TERRIER,2,45278,0.0,231,,,,,,
2024,DOG,RUSSIAN TOY TERRIER,2,47219,0.0,235,2,0,0.0,0.0,0.0,
2025,DOG,RUSSIAN TOY TERRIER,1,38688,0.0,315,2,-1,-0.5,0.0,0.0,
2023,DOG,SAINT BERNARD ROUGH,72,45278,0.0016,82,,,,,,
2024,DOG,SAINT BERNARD ROUGH,75,47219,0.0016,83,72,3,0.0417,0.0016,0.0,0.0
2025,DOG,SAINT BERNARD ROUGH,63,38688,0.0016,78,75,-12,-0.16,0.0016,0.0,0.0
2023,DOG,SAINT BERNARD SMOOTH,32,45278,7.0E-4,118,,,,,,
2024,DOG,SAINT BERNARD SMOOTH,39,47219,8.0E-4,113,32,7,0.2188,7.0E-4,1.0E-4,0.1429
2025,DOG,SAINT BERNARD SMOOTH,33,38688,9.0E-4,112,39,-6,-0.1538,8.0E-4,1.0E-4,0.125
2023,DOG,SALUKI,26,45278,6.0E-4,126,,,,,,
2024,DOG,SALUKI,25,47219,5.0E-4,126,26,-1,-0.0385,6.0E-4,-1.0E-4,-0.1667
2025,DOG,SALUKI,26,38688,7.0E-4,120,25,1,0.04,5.0E-4,2.0E-4,0.4
2023,DOG,SAMOYED,170,45278,0.0038,48,,,,,,
2024,DOG,SAMOYED,175,47219,0.0037,50,170,5,0.0294,0.0038,-1.0E-4,-0.0263
2025,DOG,SAMOYED,158,38688,0.0041,45,175,-17,-0.0971,0.0037,4.0E-4,0.1081
2023,DOG,SCHAPENDOES,21,45278,5.0E-4,134,,,,,,
2024,DOG,SCHAPENDOES,15,47219,3.0E-4,155,21,-6,-0.2857,5.0E-4,-2.0E-4,-0.4
2025,DOG,SCHAPENDOES,13,38688,3.0E-4,154,15,-2,-0.1333,3.0E-4,0.0,0.0
2023,DOG,SCHIPPERKE,8,45278,2.0E-4,181,,,,,,
2024,DOG,SCHIPPERKE,5,47219,1.0E-4,200,8,-3,-0.375,2.0E-4,-1.0E-4,-0.5
2025,DOG,SCHIPPERKE,6,38688,2.0E-4,188,5,1,0.2,1.0E-4,1.0E-4,1.0
2023,DOG,SCHNAUZER,1,45278,0.0,270,,,,,,
2024,DOG,SCHNAUZER,1,47219,0.0,294,1,0,0.0,0.0,0.0,
2025,DOG,SCHNAUZER,1,38688,0.0,316,1,0,0.0,0.0,0.0,
2023,DOG,SCOTTISH DEERHOUND,7,45278,2.0E-4,192,,,,,,
2024,DOG,SCOTTISH DEERHOUND,7,47219,1.0E-4,191,7,0,0.0,2.0E-4,-1.0E-4,-0.5
2025,DOG,SCOTTISH DEERHOUND,6,38688,2.0E-4,189,7,-1,-0.1429,1.0E-4,1.0E-4,1.0
2024,DOG,SCOTTISH FOLD,1,47219,0.0,295,,,,,,
2023,DOG,SCOTTISH TERRIER,59,45278,0.0013,90,,,,,,
2024,DOG,SCOTTISH TERRIER,59,47219,0.0012,95,59,0,0.0,0.0013,-1.0E-4,-0.0769
2025,DOG,SCOTTISH TERRIER,54,38688,0.0014,87,59,-5,-0.0847,0.0012,2.0E-4,0.1667
2023,DOG,SEALYHAM TERRIER,3,45278,1.0E-4,221,,,,,,
2024,DOG,SEALYHAM TERRIER,5,47219,1.0E-4,201,3,2,0.6667,1.0E-4,0.0,0.0
2025,DOG,SEALYHAM TERRIER,2,38688,1.0E-4,246,5,-3,-0.6,1.0E-4,0.0,0.0
2025,DOG,SETTER (IRISH),1,38688,0.0,317,,,,,,
2023,DOG,SHEEPADOODLE,1,45278,0.0,271,,,,,,
2024,DOG,SHEEPADOODLE,1,47219,0.0,296,1,0,0.0,0.0,0.0,
2025,DOG,SHEEPADOODLE,2,38688,1.0E-4,247,1,1,1.0,0.0,1.0E-4,
2025,DOG,SHEPHERD LAB MI,1,38688,0.0,318,,,,,,
2025,DOG,SHEPHERD MALINI,1,38688,0.0,319,,,,,,
2025,DOG,SHEPPARD LABRAD,1,38688,0.0,320,,,,,,
2023,DOG,SHETLAND SHEEPDOG,197,45278,0.0044,43,,,,,,
2024,DOG,SHETLAND SHEEPDOG,188,47219,0.004,46,197,-9,-0.0457,0.0044,-4.0E-4,-0.0909
2025,DOG,SHETLAND SHEEPDOG,153,38688,0.004,48,188,-35,-0.1862,0.004,0.0,0.0
2025,DOG,SHI-POO,1,38688,0.0,321,,,,,,
2024,DOG,SHIATSU,1,47219,0.0,297,,,,,,
2023,DOG,SHIBA INU,304,45278,0.0067,34,,,,,,
2024,DOG,SHIBA INU,332,47219,0.007,32,304,28,0.0921,0.0067,3.0E-4,0.0448
2025,DOG,SHIBA INU,265,38688,0.0068,35,332,-67,-0.2018,0.007,-2.0E-4,-0.0286
2023,DOG,SHIH TZU,1,45278,0.0,272,,,,,,
2024,DOG,SHIH TZU,1,47219,0.0,298,1,0,0.0,0.0,0.0,
2025,DOG,SHIH TZU,3,38688,1.0E-4,222,1,2,2.0,0.0,1.0E-4,
2024,DOG,SHIH TZU - POOD,1,47219,0.0,299,,,,,,
2023,DOG,SHIH TZU MIX,1,45278,0.0,273,,,,,,
2024,DOG,SHIH TZU MIX,1,47219,0.0,300,1,0,0.0,0.0,0.0,
2025,DOG,SHIH TZU MIX,1,38688,0.0,322,1,0,0.0,0.0,0.0,
2025,DOG,SHIH TZU POODLE,1,38688,0.0,323,,,,,,
2025,DOG,SHIH TZU X TOY,1,38688,0.0,324,,,,,,
2023,DOG,SHIHPOO,2,45278,0.0,232,,,,,,
2024,DOG,SHIHPOO,3,47219,1.0E-4,225,2,1,0.5,0.0,1.0E-4,
2025,DOG,SHIHPOO,4,38688,1.0E-4,206,3,1,0.3333,1.0E-4,0.0,0.0
2023,DOG,SHIHTZU,1970,45278,0.0435,4,,,,,,
2024,DOG,SHIHTZU,2034,47219,0.0431,4,1970,64,0.0325,0.0435,-4.0E-4,-0.0092
2025,DOG,SHIHTZU,1545,38688,0.0399,4,2034,-489,-0.2404,0.0431,-0.0032,-0.0742
2023,DOG,SHIKOKU,1,45278,0.0,274,,,,,,
2024,DOG,SHIKOKU,1,47219,0.0,301,1,0,0.0,0.0,0.0,
2024,DOG,SHILOH SHEPHERD,1,47219,0.0,302,,,,,,
2025,DOG,SHILOH SHEPHERD,3,38688,1.0E-4,223,1,2,2.0,0.0,1.0E-4,
2024,DOG,SIAMESE,2,47219,0.0,236,,,,,,
2023,DOG,SIBERIAN HUSKY,1291,45278,0.0285,8,,,,,,
2024,DOG,SIBERIAN HUSKY,1328,47219,0.0281,8,1291,37,0.0287,0.0285,-4.0E-4,-0.014
2025,DOG,SIBERIAN HUSKY,1041,38688,0.0269,9,1328,-287,-0.2161,0.0281,-0.0012,-0.0427
2023,DOG,SILKEN WINDHOUND,1,45278,0.0,275,,,,,,
2024,DOG,SILKEN WINDHOUND,3,47219,1.0E-4,226,1,2,2.0,0.0,1.0E-4,
2025,DOG,SILKEN WINDHOUND,4,38688,1.0E-4,207,3,1,0.3333,1.0E-4,0.0,0.0
2023,DOG,SILKY TERRIER,8,45278,2.0E-4,182,,,,,,
2024,DOG,SILKY TERRIER,10,47219,2.0E-4,175,8,2,0.25,2.0E-4,0.0,0.0
2025,DOG,SILKY TERRIER,4,38688,1.0E-4,208,10,-6,-0.6,2.0E-4,-1.0E-4,-0.5
2023,DOG,SKYE TERRIER,2,45278,0.0,233,,,,,,
2024,DOG,SKYE TERRIER,2,47219,0.0,237,2,0,0.0,0.0,0.0,
2025,DOG,SKYE TERRIER,6,38688,2.0E-4,190,2,4,2.0,0.0,2.0E-4,
2023,DOG,SLOVENSKY KOPOV,2,45278,0.0,234,,,,,,
2024,DOG,SLOVENSKY KOPOV,1,47219,0.0,303,2,-1,-0.5,0.0,0.0,
2023,DOG,SOFT COATED WHEATEN TERRIER,323,45278,0.0071,33,,,,,,
2024,DOG,SOFT COATED WHEATEN TERRIER,300,47219,0.0064,38,323,-23,-0.0712,0.0071,-7.0E-4,-0.0986
2025,DOG,SOFT COATED WHEATEN TERRIER,233,38688,0.006,37,300,-67,-0.2233,0.0064,-4.0E-4,-0.0625
2023,DOG,SPANIEL,1,45278,0.0,276,,,,,,
2025,DOG,SPANIEL (FRENCH,1,38688,0.0,325,,,,,,
2023,DOG,SPANISH WATER DOG,12,45278,3.0E-4,165,,,,,,
2024,DOG,SPANISH WATER DOG,12,47219,3.0E-4,167,12,0,0.0,3.0E-4,0.0,0.0
2025,DOG,SPANISH WATER DOG,10,38688,3.0E-4,163,12,-2,-0.1667,3.0E-4,0.0,0.0
2023,DOG,SPHYNX,1,45278,0.0,277,,,,,,
2023,DOG,SPINONE ITALIANO,15,45278,3.0E-4,151,,,,,,
2024,DOG,SPINONE ITALIANO,12,47219,3.0E-4,168,15,-3,-0.2,3.0E-4,0.0,0.0
2025,DOG,SPINONE ITALIANO,9,38688,2.0E-4,171,12,-3,-0.25,3.0E-4,-1.0E-4,-0.3333
2024,DOG,SPITZ MIX,1,47219,0.0,304,,,,,,
2023,DOG,STAFFORDSHIRE BULL TERRIER,35,45278,8.0E-4,111,,,,,,
2024,DOG,STAFFORDSHIRE BULL TERRIER,29,47219,6.0E-4,119,35,-6,-0.1714,8.0E-4,-2.0E-4,-0.25
2025,DOG,STAFFORDSHIRE BULL TERRIER,20,38688,5.0E-4,127,29,-9,-0.3103,6.0E-4,-1.0E-4,-0.1667
2023,DOG,STANDARD SCHNAUZER,149,45278,0.0033,53,,,,,,
2024,DOG,STANDARD SCHNAUZER,136,47219,0.0029,58,149,-13,-0.0872,0.0033,-4.0E-4,-0.1212
2025,DOG,STANDARD SCHNAUZER,110,38688,0.0028,57,136,-26,-0.1912,0.0029,-1.0E-4,-0.0345
2023,DOG,SUSSEX SPANIEL,1,45278,0.0,278,,,,,,
2024,DOG,SUSSEX SPANIEL,1,47219,0.0,305,1,0,0.0,0.0,0.0,
2025,DOG,SUSSEX SPANIEL,1,38688,0.0,326,1,0,0.0,0.0,0.0,
2023,DOG,SWEDISH VALLHUND,2,45278,0.0,235,,,,,,
2024,DOG,SWEDISH VALLHUND,2,47219,0.0,238,2,0,0.0,0.0,0.0,
2025,DOG,SWEDISH VALLHUND,2,38688,1.0E-4,248,2,0,0.0,0.0,1.0E-4,
2024,DOG,SWISS BULLDOG,2,47219,0.0,239,,,,,,
2025,DOG,SWISS BULLDOG,1,38688,0.0,327,2,-1,-0.5,0.0,0.0,
2023,DOG,SWISS HOUND,1,45278,0.0,279,,,,,,
2024,DOG,SWISS HOUND,2,47219,0.0,240,1,1,1.0,0.0,0.0,
2025,DOG,SWISS HOUND,2,38688,1.0E-4,249,2,0,0.0,0.0,1.0E-4,
2024,DOG,SWISS RIDGE DOO,2,47219,0.0,241,,,,,,
2024,DOG,TAHLTAN BEAR DOG,2,47219,0.0,242,,,,,,
2023,DOG,TAMASKAN,1,45278,0.0,280,,,,,,
2024,DOG,TAMASKAN,1,47219,0.0,306,1,0,0.0,0.0,0.0,
2025,DOG,TAMASKAN,1,38688,0.0,328,1,0,0.0,0.0,0.0,
2023,DOG,TERRIER,565,45278,0.0125,21,,,,,,
2024,DOG,TERRIER,573,47219,0.0121,24,565,8,0.0142,0.0125,-4.0E-4,-0.032
2025,DOG,TERRIER,476,38688,0.0123,24,573,-97,-0.1693,0.0121,2.0E-4,0.0165
2025,DOG,TERRIER AND YOR,1,38688,0.0,329,,,,,,
2023,DOG,TERRIER MIX,1,45278,0.0,281,,,,,,
2024,DOG,TERRIER MIX,2,47219,0.0,243,1,1,1.0,0.0,0.0,
2025,DOG,TERRIER MIX,2,38688,1.0E-4,250,2,0,0.0,0.0,1.0E-4,
2025,DOG,TERRIOR MIX,1,38688,0.0,330,,,,,,
2023,DOG,TIBETAN MASTIFF,5,45278,1.0E-4,205,,,,,,
2024,DOG,TIBETAN MASTIFF,6,47219,1.0E-4,196,5,1,0.2,1.0E-4,0.0,0.0
2025,DOG,TIBETAN MASTIFF,7,38688,2.0E-4,183,6,1,0.1667,1.0E-4,1.0E-4,1.0
2023,DOG,TIBETAN SPANIEL,20,45278,4.0E-4,136,,,,,,
2024,DOG,TIBETAN SPANIEL,29,47219,6.0E-4,120,20,9,0.45,4.0E-4,2.0E-4,0.5
2025,DOG,TIBETAN SPANIEL,14,38688,4.0E-4,149,29,-15,-0.5172,6.0E-4,-2.0E-4,-0.3333
2023,DOG,TIBETAN TERRIER,33,45278,7.0E-4,114,,,,,,
2024,DOG,TIBETAN TERRIER,27,47219,6.0E-4,122,33,-6,-0.1818,7.0E-4,-1.0E-4,-0.1429
2025,DOG,TIBETAN TERRIER,17,38688,4.0E-4,137,27,-10,-0.3704,6.0E-4,-2.0E-4,-0.3333
2023,DOG,TOSA,2,45278,0.0,236,,,,,,
2024,DOG,TOSA,1,47219,0.0,307,2,-1,-0.5,0.0,0.0,
2023,DOG,TOY FOX TERRIER,8,45278,2.0E-4,183,,,,,,
2024,DOG,TOY FOX TERRIER,9,47219,2.0E-4,179,8,1,0.125,2.0E-4,0.0,0.0
2025,DOG,TOY FOX TERRIER,11,38688,3.0E-4,160,9,2,0.2222,2.0E-4,1.0E-4,0.5
2023,DOG,TREEING CUR,9,45278,2.0E-4,177,,,,,,
2024,DOG,TREEING CUR,11,47219,2.0E-4,171,9,2,0.2222,2.0E-4,0.0,0.0
2025,DOG,TREEING CUR,10,38688,3.0E-4,164,11,-1,-0.0909,2.0E-4,1.0E-4,0.5
2023,DOG,TREEING TENNESSEE BRINDLE,2,45278,0.0,237,,,,,,
2024,DOG,TREEING TENNESSEE BRINDLE,2,47219,0.0,244,2,0,0.0,0.0,0.0,
2023,DOG,TREEING WALKER COONHOUND,18,45278,4.0E-4,143,,,,,,
2024,DOG,TREEING WALKER COONHOUND,19,47219,4.0E-4,142,18,1,0.0556,4.0E-4,0.0,0.0
2025,DOG,TREEING WALKER COONHOUND,16,38688,4.0E-4,141,19,-3,-0.1579,4.0E-4,0.0,0.0
2025,DOG,UKNOWN,1,38688,0.0,331,,,,,,
2023,DOG,UNKNOWN,285,45278,0.0063,36,,,,,,
2024,DOG,UNKNOWN,749,47219,0.0159,16,285,464,1.6281,0.0063,0.0096,1.5238
2025,DOG,UNKNOWN,883,38688,0.0228,12,749,134,0.1789,0.0159,0.0069,0.434
2023,DOG,VIZSLA,187,45278,0.0041,45,,,,,,
2024,DOG,VIZSLA,184,47219,0.0039,47,187,-3,-0.016,0.0041,-2.0E-4,-0.0488
2025,DOG,VIZSLA,150,38688,0.0039,49,184,-34,-0.1848,0.0039,0.0,0.0
2025,DOG,VIZSLA (SMOOTH),1,38688,0.0,332,,,,,,
2023,DOG,WEIMARANER,70,45278,0.0015,83,,,,,,
2024,DOG,WEIMARANER,72,47219,0.0015,86,70,2,0.0286,0.0015,0.0,0.0
2025,DOG,WEIMARANER,48,38688,0.0012,96,72,-24,-0.3333,0.0015,-3.0E-4,-0.2
2023,DOG,WELSH SPRINGER SPANIEL,36,45278,8.0E-4,109,,,,,,
2024,DOG,WELSH SPRINGER SPANIEL,40,47219,8.0E-4,111,36,4,0.1111,8.0E-4,0.0,0.0
2025,DOG,WELSH SPRINGER SPANIEL,26,38688,7.0E-4,121,40,-14,-0.35,8.0E-4,-1.0E-4,-0.125
2023,DOG,WELSH TERRIER,26,45278,6.0E-4,127,,,,,,
2024,DOG,WELSH TERRIER,25,47219,5.0E-4,127,26,-1,-0.0385,6.0E-4,-1.0E-4,-0.1667
2025,DOG,WELSH TERRIER,16,38688,4.0E-4,142,25,-9,-0.36,5.0E-4,-1.0E-4,-0.2
2023,DOG,WEST HIGHLAND WHITE TERRIER,340,45278,0.0075,31,,,,,,
2024,DOG,WEST HIGHLAND WHITE TERRIER,317,47219,0.0067,34,340,-23,-0.0676,0.0075,-8.0E-4,-0.1067
2025,DOG,WEST HIGHLAND WHITE TERRIER,262,38688,0.0068,36,317,-55,-0.1735,0.0067,1.0E-4,0.0149
2023,DOG,WESTHIGHLAND TE,1,45278,0.0,282,,,,,,
2023,DOG,WHEATON TERRIOR,1,45278,0.0,283,,,,,,
2024,DOG,WHEATON TERRIOR,1,47219,0.0,308,1,0,0.0,0.0,0.0,
2023,DOG,WHIPPET,162,45278,0.0036,49,,,,,,
2024,DOG,WHIPPET,189,47219,0.004,45,162,27,0.1667,0.0036,4.0E-4,0.1111
2025,DOG,WHIPPET,158,38688,0.0041,46,189,-31,-0.164,0.004,1.0E-4,0.025
2024,DOG,WHITE SHEPHERD,3,47219,1.0E-4,227,,,,,,
2025,DOG,WHOODLE,1,38688,0.0,333,,,,,,
2023,DOG,WIREHAIRED POINTING GRIFFON,20,45278,4.0E-4,137,,,,,,
2024,DOG,WIREHAIRED POINTING GRIFFON,21,47219,4.0E-4,136,20,1,0.05,4.0E-4,0.0,0.0
2025,DOG,WIREHAIRED POINTING GRIFFON,16,38688,4.0E-4,143,21,-5,-0.2381,4.0E-4,0.0,0.0
2023,DOG,WIREHAIRED VIZSLA,7,45278,2.0E-4,193,,,,,,
2024,DOG,WIREHAIRED VIZSLA,9,47219,2.0E-4,180,7,2,0.2857,2.0E-4,0.0,0.0
2025,DOG,WIREHAIRED VIZSLA,10,38688,3.0E-4,165,9,1,0.1111,2.0E-4,1.0E-4,0.5
2023,DOG,WOLF HYBRID,2,45278,0.0,238,,,,,,
2024,DOG,WOLF HYBRID,1,47219,0.0,309,2,-1,-0.5,0.0,0.0,
2025,DOG,WOLF HYBRID,2,38688,1.0E-4,251,1,1,1.0,0.0,1.0E-4,
2023,DOG,XOLOITZCUINTLI,16,45278,4.0E-4,148,,,,,,
2024,DOG,XOLOITZCUINTLI,13,47219,3.0E-4,163,16,-3,-0.1875,4.0E-4,-1.0E-4,-0.25
2025,DOG,XOLOITZCUINTLI,10,38688,3.0E-4,166,13,-3,-0.2308,3.0E-4,0.0,0.0
2025,DOG,YELLOW LABRADOR,1,38688,0.0,334,,,,,,
2025,DOG,YORKIE MALTESE,1,38688,0.0,335,,,,,,
2023,DOG,YORKSHIRE TERRIER,1170,45278,0.0258,10,,,,,,
2024,DOG,YORKSHIRE TERRIER,1141,47219,0.0242,11,1170,-29,-0.0248,0.0258,-0.0016,-0.062
2025,DOG,YORKSHIRE TERRIER,857,38688,0.0222,13,1141,-284,-0.2489,0.0242,-0.002,-0.0826
