Year,Animal_Type,FSA,total,top1_breed,top1_cnt,top2_breed,top2_cnt,top3_breed,top3_cnt
2023,CAT,L0K,2,DOMESTIC LONGHAIR,1,DOMESTIC SHORTHAIR,1,,
2023,CAT,L3P,1,DOMESTIC SHORTHAIR,1,,,,
2023,CAT,L3T,1,DOMESTIC SHORTHAIR,1,,,,
2023,CAT,L3X,1,DOMESTIC SHORTHAIR,1,,,,
2023,CAT,L3Y,1,DOMESTIC SHORTHAIR,1,,,,
2023,CAT,L4A,1,DOMESTIC SHORTHAIR,1,,,,
2023,CAT,L4B,1,DOMESTIC LONGHAIR,1,,,,
2023,CAT,L5A,1,DOMESTIC SHORTHAIR,1,,,,
2023,CAT,L6X,1,PERSIAN,1,,,,
2023,CAT,M1B,210,DOMESTIC SHORTHAIR,153,DOMESTIC MEDIUMHAIR,24,DOMESTIC LONGHAIR,19
2023,CAT,M1C,188,DOMESTIC SHORTHAIR,151,DOMESTIC MEDIUMHAIR,17,DOMESTIC LONGHAIR,8
2023,CAT,M1E,365,DOMESTIC SHORTHAIR,279,DOMESTIC MEDIUMHAIR,39,DOMESTIC LONGHAIR,18
2023,CAT,M1G,137,DOMESTIC SHORTHAIR,88,DOMESTIC MEDIUMHAIR,14,DOMESTIC LONGHAIR,12
2023,CAT,M1H,82,DOMESTIC SHORTHAIR,55,DOMESTIC LONGHAIR,9,DOMESTIC MEDIUMHAIR,9
2023,CAT,M1J,162,DOMESTIC SHORTHAIR,122,DOMESTIC MEDIUMHAIR,15,DOMESTIC LONGHAIR,10
2023,CAT,M1K,261,DOMESTIC SHORTHAIR,207,DOMESTIC MEDIUMHAIR,23,DOMESTIC LONGHAIR,17
2023,CAT,M1L,202,DOMESTIC SHORTHAIR,152,DOMESTIC LONGHAIR,17,DOMESTIC MEDIUMHAIR,12
2023,CAT,M1M,176,DOMESTIC SHORTHAIR,126,DOMESTIC MEDIUMHAIR,20,DOMESTIC LONGHAIR,9
2023,CAT,M1N,220,DOMESTIC SHORTHAIR,152,DOMESTIC MEDIUMHAIR,27,DOMESTIC LONGHAIR,25
2023,CAT,M1P,201,DOMESTIC SHORTHAIR,151,DOMESTIC LONGHAIR,12,DOMESTIC MEDIUMHAIR,12
2023,CAT,M1R,135,DOMESTIC SHORTHAIR,89,DOMESTIC LONGHAIR,15,DOMESTIC MEDIUMHAIR,12
2023,CAT,M1S,151,DOMESTIC SHORTHAIR,110,DOMESTIC MEDIUMHAIR,14,DOMESTIC LONGHAIR,9
2023,CAT,M1T,155,DOMESTIC SHORTHAIR,114,DOMESTIC MEDIUMHAIR,15,DOMESTIC LONGHAIR,8
2023,CAT,M1V,148,DOMESTIC SHORTHAIR,110,DOMESTIC LONGHAIR,14,DOMESTIC MEDIUMHAIR,13
2023,CAT,M1W,161,DOMESTIC SHORTHAIR,117,DOMESTIC MEDIUMHAIR,17,DOMESTIC LONGHAIR,13
2023,CAT,M1X,18,DOMESTIC SHORTHAIR,16,DOMESTIC MEDIUMHAIR,1,SCOTTISH FOLD,1
2023,CAT,M2H,139,DOMESTIC SHORTHAIR,106,DOMESTIC MEDIUMHAIR,12,DOMESTIC LONGHAIR,7
2023,CAT,M2J,277,DOMESTIC SHORTHAIR,206,DOMESTIC MEDIUMHAIR,31,DOMESTIC LONGHAIR,9
2023,CAT,M2K,112,DOMESTIC SHORTHAIR,70,DOMESTIC LONGHAIR,8,DOMESTIC MEDIUMHAIR,8
2023,CAT,M2L,50,DOMESTIC SHORTHAIR,37,DOMESTIC MEDIUMHAIR,8,DOMESTIC LONGHAIR,4
2023,CAT,M2M,129,DOMESTIC SHORTHAIR,80,DOMESTIC MEDIUMHAIR,16,DOMESTIC LONGHAIR,10
2023,CAT,M2N,405,DOMESTIC SHORTHAIR,290,DOMESTIC MEDIUMHAIR,32,DOMESTIC LONGHAIR,31
2023,CAT,M2P,39,DOMESTIC SHORTHAIR,26,DOMESTIC LONGHAIR,6,DOMESTIC MEDIUMHAIR,5
2023,CAT,M2R,168,DOMESTIC SHORTHAIR,119,DOMESTIC MEDIUMHAIR,21,DOMESTIC LONGHAIR,11
2023,CAT,M3A,200,DOMESTIC SHORTHAIR,153,DOMESTIC MEDIUMHAIR,15,DOMESTIC LONGHAIR,9
2023,CAT,M3B,76,DOMESTIC SHORTHAIR,48,DOMESTIC LONGHAIR,10,DOMESTIC MEDIUMHAIR,5
2023,CAT,M3C,187,DOMESTIC SHORTHAIR,151,DOMESTIC MEDIUMHAIR,17,AMERICAN SHORTHAIR,4
2023,CAT,M3H,197,DOMESTIC SHORTHAIR,134,DOMESTIC MEDIUMHAIR,16,DOMESTIC LONGHAIR,14
2023,CAT,M3J,132,DOMESTIC SHORTHAIR,92,DOMESTIC MEDIUMHAIR,17,DOMESTIC LONGHAIR,10
2023,CAT,M3K,49,DOMESTIC SHORTHAIR,37,DOMESTIC MEDIUMHAIR,5,SIAMESE,3
2023,CAT,M3L,53,DOMESTIC SHORTHAIR,42,DOMESTIC LONGHAIR,4,DOMESTIC MEDIUMHAIR,2
2023,CAT,M3M,110,DOMESTIC SHORTHAIR,86,DOMESTIC MEDIUMHAIR,10,BENGAL,4
2023,CAT,M3N,177,DOMESTIC SHORTHAIR,138,DOMESTIC LONGHAIR,15,DOMESTIC MEDIUMHAIR,13
2023,CAT,M4A,97,DOMESTIC SHORTHAIR,68,DOMESTIC LONGHAIR,13,DOMESTIC MEDIUMHAIR,8
2023,CAT,M4B,181,DOMESTIC SHORTHAIR,136,DOMESTIC MEDIUMHAIR,16,DOMESTIC LONGHAIR,11
2023,CAT,M4C,453,DOMESTIC SHORTHAIR,346,DOMESTIC MEDIUMHAIR,40,DOMESTIC LONGHAIR,30
2023,CAT,M4E,287,DOMESTIC SHORTHAIR,220,DOMESTIC MEDIUMHAIR,25,DOMESTIC LONGHAIR,20
2023,CAT,M4G,136,DOMESTIC SHORTHAIR,109,DOMESTIC MEDIUMHAIR,12,DOMESTIC LONGHAIR,5
2023,CAT,M4H,62,DOMESTIC SHORTHAIR,48,DOMESTIC MEDIUMHAIR,4,BENGAL,2
2023,CAT,M4J,376,DOMESTIC SHORTHAIR,291,DOMESTIC MEDIUMHAIR,42,DOMESTIC LONGHAIR,16
2023,CAT,M4K,278,DOMESTIC SHORTHAIR,204,DOMESTIC MEDIUMHAIR,30,DOMESTIC LONGHAIR,10
2023,CAT,M4L,301,DOMESTIC SHORTHAIR,225,DOMESTIC MEDIUMHAIR,32,DOMESTIC LONGHAIR,18
2023,CAT,M4M,205,DOMESTIC SHORTHAIR,146,DOMESTIC MEDIUMHAIR,28,DOMESTIC LONGHAIR,18
2023,CAT,M4N,96,DOMESTIC SHORTHAIR,74,DOMESTIC LONGHAIR,9,DOMESTIC MEDIUMHAIR,6
2023,CAT,M4P,214,DOMESTIC SHORTHAIR,157,DOMESTIC MEDIUMHAIR,26,DOMESTIC LONGHAIR,18
2023,CAT,M4R,84,DOMESTIC SHORTHAIR,59,DOMESTIC MEDIUMHAIR,13,DOMESTIC LONGHAIR,7
2023,CAT,M4S,291,DOMESTIC SHORTHAIR,218,DOMESTIC MEDIUMHAIR,24,DOMESTIC LONGHAIR,15
2023,CAT,M4T,85,DOMESTIC SHORTHAIR,58,DOMESTIC LONGHAIR,12,DOMESTIC MEDIUMHAIR,5
2023,CAT,M4V,125,DOMESTIC SHORTHAIR,92,DOMESTIC MEDIUMHAIR,12,DOMESTIC LONGHAIR,7
2023,CAT,M4W,104,DOMESTIC SHORTHAIR,72,DOMESTIC MEDIUMHAIR,13,PERSIAN,4
2023,CAT,M4X,157,DOMESTIC SHORTHAIR,110,DOMESTIC MEDIUMHAIR,19,DOMESTIC LONGHAIR,6
2023,CAT,M4Y,305,DOMESTIC SHORTHAIR,214,DOMESTIC MEDIUMHAIR,35,DOMESTIC LONGHAIR,20
2023,CAT,M5A,363,DOMESTIC SHORTHAIR,253,DOMESTIC MEDIUMHAIR,33,DOMESTIC LONGHAIR,31
2023,CAT,M5B,127,DOMESTIC SHORTHAIR,90,DOMESTIC MEDIUMHAIR,11,DOMESTIC LONGHAIR,8
2023,CAT,M5C,24,DOMESTIC SHORTHAIR,15,DOMESTIC MEDIUMHAIR,5,DOMESTIC LONGHAIR,2
2023,CAT,M5E,69,DOMESTIC SHORTHAIR,49,DOMESTIC MEDIUMHAIR,7,BENGAL,4
2023,CAT,M5G,79,DOMESTIC SHORTHAIR,52,DOMESTIC MEDIUMHAIR,8,DOMESTIC LONGHAIR,7
2023,CAT,M5H,28,DOMESTIC SHORTHAIR,17,DOMESTIC LONGHAIR,4,BRITISH SHORTHAIR,2
2023,CAT,M5J,86,DOMESTIC SHORTHAIR,62,DOMESTIC MEDIUMHAIR,8,DOMESTIC LONGHAIR,5
2023,CAT,M5M,190,DOMESTIC SHORTHAIR,130,DOMESTIC MEDIUMHAIR,22,DOMESTIC LONGHAIR,9
2023,CAT,M5N,77,DOMESTIC SHORTHAIR,50,DOMESTIC MEDIUMHAIR,12,DOMESTIC LONGHAIR,5
2023,CAT,M5P,146,DOMESTIC SHORTHAIR,99,DOMESTIC LONGHAIR,16,DOMESTIC MEDIUMHAIR,16
2023,CAT,M5R,217,DOMESTIC SHORTHAIR,163,DOMESTIC MEDIUMHAIR,23,DOMESTIC LONGHAIR,14
2023,CAT,M5S,112,DOMESTIC SHORTHAIR,81,DOMESTIC MEDIUMHAIR,8,MAINE COON,7
2023,CAT,M5T,120,DOMESTIC SHORTHAIR,79,DOMESTIC LONGHAIR,10,DOMESTIC MEDIUMHAIR,9
2023,CAT,M5V,377,DOMESTIC SHORTHAIR,264,DOMESTIC MEDIUMHAIR,45,DOMESTIC LONGHAIR,30
2023,CAT,M6A,112,DOMESTIC SHORTHAIR,95,DOMESTIC MEDIUMHAIR,8,DOMESTIC LONGHAIR,5
2023,CAT,M6B,146,DOMESTIC SHORTHAIR,114,DOMESTIC MEDIUMHAIR,12,DOMESTIC LONGHAIR,6
2023,CAT,M6C,189,DOMESTIC SHORTHAIR,125,DOMESTIC MEDIUMHAIR,23,DOMESTIC LONGHAIR,11
2023,CAT,M6E,295,DOMESTIC SHORTHAIR,217,DOMESTIC MEDIUMHAIR,36,DOMESTIC LONGHAIR,22
2023,CAT,M6G,315,DOMESTIC SHORTHAIR,231,DOMESTIC MEDIUMHAIR,37,DOMESTIC LONGHAIR,23
2023,CAT,M6H,458,DOMESTIC SHORTHAIR,358,DOMESTIC MEDIUMHAIR,43,DOMESTIC LONGHAIR,26
2023,CAT,M6J,325,DOMESTIC SHORTHAIR,248,DOMESTIC MEDIUMHAIR,29,DOMESTIC LONGHAIR,19
2023,CAT,M6K,435,DOMESTIC SHORTHAIR,323,DOMESTIC MEDIUMHAIR,55,DOMESTIC LONGHAIR,17
2023,CAT,M6L,72,DOMESTIC SHORTHAIR,50,DOMESTIC MEDIUMHAIR,6,DOMESTIC LONGHAIR,5
2023,CAT,M6M,213,DOMESTIC SHORTHAIR,162,DOMESTIC MEDIUMHAIR,20,DOMESTIC LONGHAIR,13
2023,CAT,M6N,313,DOMESTIC SHORTHAIR,251,DOMESTIC MEDIUMHAIR,34,SIAMESE,11
2023,CAT,M6P,520,DOMESTIC SHORTHAIR,411,DOMESTIC MEDIUMHAIR,43,DOMESTIC LONGHAIR,32
2023,CAT,M6R,260,DOMESTIC SHORTHAIR,206,DOMESTIC MEDIUMHAIR,21,DOMESTIC LONGHAIR,17
2023,CAT,M6S,371,DOMESTIC SHORTHAIR,290,DOMESTIC MEDIUMHAIR,37,DOMESTIC LONGHAIR,23
2023,CAT,M8V,357,DOMESTIC SHORTHAIR,260,DOMESTIC MEDIUMHAIR,37,DOMESTIC LONGHAIR,27
2023,CAT,M8W,215,DOMESTIC SHORTHAIR,162,DOMESTIC MEDIUMHAIR,18,DOMESTIC LONGHAIR,15
2023,CAT,M8X,84,DOMESTIC SHORTHAIR,63,DOMESTIC MEDIUMHAIR,11,SIAMESE,3
2023,CAT,M8Y,147,DOMESTIC SHORTHAIR,116,DOMESTIC MEDIUMHAIR,13,DOMESTIC LONGHAIR,9
2023,CAT,M8Z,156,DOMESTIC SHORTHAIR,114,DOMESTIC MEDIUMHAIR,22,DOMESTIC LONGHAIR,9
2023,CAT,M9A,259,DOMESTIC SHORTHAIR,187,DOMESTIC MEDIUMHAIR,24,DOMESTIC LONGHAIR,16
2023,CAT,M9B,212,DOMESTIC SHORTHAIR,161,DOMESTIC MEDIUMHAIR,20,DOMESTIC LONGHAIR,12
2023,CAT,M9C,214,DOMESTIC SHORTHAIR,159,DOMESTIC LONGHAIR,23,DOMESTIC MEDIUMHAIR,17
2023,CAT,M9L,40,DOMESTIC SHORTHAIR,34,DOMESTIC MEDIUMHAIR,4,DOMESTIC LONGHAIR,2
2023,CAT,M9M,68,DOMESTIC SHORTHAIR,52,DOMESTIC MEDIUMHAIR,8,DOMESTIC LONGHAIR,4
2023,CAT,M9N,136,DOMESTIC SHORTHAIR,103,DOMESTIC MEDIUMHAIR,14,DOMESTIC LONGHAIR,7
2023,CAT,M9P,131,DOMESTIC SHORTHAIR,96,DOMESTIC MEDIUMHAIR,18,DOMESTIC LONGHAIR,8
2023,CAT,M9R,150,DOMESTIC SHORTHAIR,114,DOMESTIC MEDIUMHAIR,17,DOMESTIC LONGHAIR,7
2023,CAT,M9V,141,DOMESTIC SHORTHAIR,106,DOMESTIC MEDIUMHAIR,14,DOMESTIC LONGHAIR,10
2023,CAT,M9W,137,DOMESTIC SHORTHAIR,103,DOMESTIC MEDIUMHAIR,12,DOMESTIC LONGHAIR,9
2023,CAT,N4L,1,DOMESTIC LONGHAIR,1,,,,
2023,DOG,E2L,1,PATTERDALE TERRIER,1,,,,
2023,DOG,K0H,2,LABRADOR RETRIEVER,1,TERRIER,1,,
2023,DOG,K0L,1,POODLE STANDARD,1,,,,
2023,DOG,K6K,1,POODLE STANDARD,1,,,,
2023,DOG,L0L,1,DOGO ARGENTINO,1,,,,
2023,DOG,L0S,1,POODLE MINIATURE,1,,,,
2023,DOG,L1J,2,MASTIFF,2,,,,
2023,DOG,L1S,1,POODLE MINIATURE,1,,,,
2023,DOG,L2P,1,DOBERMAN PINSCHER,1,,,,
2023,DOG,L4J,1,YORKSHIRE TERRIER,1,,,,
2023,DOG,L5E,2,LABRADOR RETRIEVER,1,SHIBA INU,1,,
2023,DOG,L6B,1,POMERANIAN,1,,,,
2023,DOG,L6L,2,BELGIAN MALINOIS,1,GREAT PYRENEES,1,,
2023,DOG,L7E,1,LABRADOR RETRIEVER,1,,,,
2023,DOG,L9S,1,LABRADOR RETRIEVER,1,,,,
2023,DOG,L9V,2,BULLMASTIFF,2,,,,
2023,DOG,M1B,462,SHIHTZU,43,GERMAN SHEPHERD DOG,31,LABRADOR RETRIEVER,25
2023,DOG,M1C,547,LABRADOR RETRIEVER,59,GOLDEN RETRIEVER,50,SHIHTZU,40
2023,DOG,M1E,697,LABRADOR RETRIEVER,60,GOLDEN RETRIEVER,51,GERMAN SHEPHERD DOG,46
2023,DOG,M1G,284,LABRADOR RETRIEVER,23,GERMAN SHEPHERD DOG,19,GOLDEN RETRIEVER,18
2023,DOG,M1H,203,LABRADOR RETRIEVER,18,SHIHTZU,18,GERMAN SHEPHERD DOG,17
2023,DOG,M1J,303,GOLDEN RETRIEVER,24,SHIHTZU,23,GERMAN SHEPHERD DOG,20
2023,DOG,M1K,395,LABRADOR RETRIEVER,32,SHIHTZU,23,GERMAN SHEPHERD DOG,22
2023,DOG,M1L,373,LABRADOR RETRIEVER,44,SHIHTZU,23,GERMAN SHEPHERD DOG,22
2023,DOG,M1M,478,LABRADOR RETRIEVER,56,GERMAN SHEPHERD DOG,38,GOLDEN RETRIEVER,37
2023,DOG,M1N,654,LABRADOR RETRIEVER,76,GOLDEN RETRIEVER,52,GERMAN SHEPHERD DOG,43
2023,DOG,M1P,372,SHIHTZU,32,GERMAN SHEPHERD DOG,31,GOLDEN RETRIEVER,27
2023,DOG,M1R,386,LABRADOR RETRIEVER,38,GERMAN SHEPHERD DOG,32,SHIHTZU,21
2023,DOG,M1S,323,LABRADOR RETRIEVER,28,GOLDEN RETRIEVER,25,GERMAN SHEPHERD DOG,21
2023,DOG,M1T,331,LABRADOR RETRIEVER,24,SHIHTZU,23,GOLDEN RETRIEVER,21
2023,DOG,M1V,331,GOLDEN RETRIEVER,31,GERMAN SHEPHERD DOG,26,SHIHTZU,26
2023,DOG,M1W,355,LABRADOR RETRIEVER,31,SHIHTZU,27,GERMAN SHEPHERD DOG,18
2023,DOG,M1X,89,GERMAN SHEPHERD DOG,11,SHIHTZU,10,GOLDEN RETRIEVER,8
2023,DOG,M2H,266,LABRADOR RETRIEVER,26,GERMAN SHEPHERD DOG,25,GOLDEN RETRIEVER,22
2023,DOG,M2J,585,LABRADOR RETRIEVER,50,SHIHTZU,40,GOLDEN RETRIEVER,30
2023,DOG,M2K,358,LABRADOR RETRIEVER,31,COCKER SPANIEL,22,POODLE MINIATURE,21
2023,DOG,M2L,253,LABRADOR RETRIEVER,24,GOLDEN RETRIEVER,20,GERMAN SHEPHERD DOG,12
2023,DOG,M2M,283,GOLDEN RETRIEVER,22,POODLE MINIATURE,21,SHIHTZU,19
2023,DOG,M2N,884,GOLDEN RETRIEVER,70,LABRADOR RETRIEVER,67,POODLE MINIATURE,51
2023,DOG,M2P,168,GOLDEN RETRIEVER,21,LABRADOR RETRIEVER,17,GERMAN SHEPHERD DOG,8
2023,DOG,M2R,391,LABRADOR RETRIEVER,41,GOLDEN RETRIEVER,36,SHIHTZU,31
2023,DOG,M3A,474,LABRADOR RETRIEVER,49,GERMAN SHEPHERD DOG,33,GOLDEN RETRIEVER,31
2023,DOG,M3B,268,GOLDEN RETRIEVER,31,LABRADOR RETRIEVER,20,GERMAN SHEPHERD DOG,15
2023,DOG,M3C,289,LABRADOR RETRIEVER,30,GOLDEN RETRIEVER,26,GERMAN SHEPHERD DOG,23
2023,DOG,M3H,581,GOLDEN RETRIEVER,56,LABRADOR RETRIEVER,43,COCKER SPANIEL,40
2023,DOG,M3J,187,SHIHTZU,21,MALTESE,19,GOLDEN RETRIEVER,12
2023,DOG,M3K,107,LABRADOR RETRIEVER,11,SIBERIAN HUSKY,9,SHIHTZU,8
2023,DOG,M3L,140,LABRADOR RETRIEVER,12,SHIHTZU,10,COCKER SPANIEL,9
2023,DOG,M3M,218,GERMAN SHEPHERD DOG,20,SHIHTZU,18,LABRADOR RETRIEVER,14
2023,DOG,M3N,221,CHIHUAHUA SHORTHAIR,20,SHIHTZU,20,GERMAN SHEPHERD DOG,14
2023,DOG,M4A,160,GOLDEN RETRIEVER,13,GERMAN SHEPHERD DOG,12,LABRADOR RETRIEVER,10
2023,DOG,M4B,368,GERMAN SHEPHERD DOG,28,LABRADOR RETRIEVER,26,COCKER SPANIEL,25
2023,DOG,M4C,964,LABRADOR RETRIEVER,105,GERMAN SHEPHERD DOG,61,GOLDEN RETRIEVER,53
2023,DOG,M4E,922,LABRADOR RETRIEVER,122,GOLDEN RETRIEVER,118,POODLE STANDARD,37
2023,DOG,M4G,662,LABRADOR RETRIEVER,95,GOLDEN RETRIEVER,93,COCKER SPANIEL,32
2023,DOG,M4H,47,GOLDEN RETRIEVER,5,CHIHUAHUA SHORTHAIR,4,SHIHTZU,4
2023,DOG,M4J,973,LABRADOR RETRIEVER,125,GOLDEN RETRIEVER,84,GERMAN SHEPHERD DOG,55
2023,DOG,M4K,853,LABRADOR RETRIEVER,99,GOLDEN RETRIEVER,69,POODLE MINIATURE,47
2023,DOG,M4L,1147,LABRADOR RETRIEVER,172,GOLDEN RETRIEVER,77,GERMAN SHEPHERD DOG,70
2023,DOG,M4M,642,LABRADOR RETRIEVER,69,GOLDEN RETRIEVER,55,GERMAN SHEPHERD DOG,34
2023,DOG,M4N,588,GOLDEN RETRIEVER,89,LABRADOR RETRIEVER,81,COCKER SPANIEL,38
2023,DOG,M4P,565,LABRADOR RETRIEVER,45,GOLDEN RETRIEVER,43,BERNESE MOUNTAIN DOG,23
2023,DOG,M4R,406,GOLDEN RETRIEVER,72,LABRADOR RETRIEVER,42,POODLE MINIATURE,23
2023,DOG,M4S,854,LABRADOR RETRIEVER,115,GOLDEN RETRIEVER,91,SHIHTZU,37
2023,DOG,M4T,370,LABRADOR RETRIEVER,45,GOLDEN RETRIEVER,34,POODLE MINIATURE,19
2023,DOG,M4V,626,LABRADOR RETRIEVER,71,GOLDEN RETRIEVER,58,POODLE MINIATURE,38
2023,DOG,M4W,520,LABRADOR RETRIEVER,73,GOLDEN RETRIEVER,48,POODLE MINIATURE,33
2023,DOG,M4X,309,LABRADOR RETRIEVER,31,GOLDEN RETRIEVER,18,SIBERIAN HUSKY,16
2023,DOG,M4Y,532,LABRADOR RETRIEVER,49,GERMAN SHEPHERD DOG,24,CHIHUAHUA SHORTHAIR,23
2023,DOG,M5A,951,LABRADOR RETRIEVER,103,GOLDEN RETRIEVER,36,CHIHUAHUA SHORTHAIR,34
2023,DOG,M5B,223,LABRADOR RETRIEVER,29,GOLDEN RETRIEVER,14,SHIHTZU,10
2023,DOG,M5C,67,YORKSHIRE TERRIER,8,CHIHUAHUA SHORTHAIR,7,LABRADOR RETRIEVER,5
2023,DOG,M5E,200,CHIHUAHUA SHORTHAIR,13,LABRADOR RETRIEVER,13,GOLDEN RETRIEVER,12
2023,DOG,M5G,86,GOLDEN RETRIEVER,8,POODLE MINIATURE,6,SHIHTZU,5
2023,DOG,M5H,42,FRENCH BULLDOG,5,LABRADOR RETRIEVER,4,MALTESE,3
2023,DOG,M5J,189,LABRADOR RETRIEVER,17,GOLDEN RETRIEVER,14,MALTESE,12
2023,DOG,M5L,1,AUSTRALIAN SHEPHERD,1,,,,
2023,DOG,M5M,831,LABRADOR RETRIEVER,109,GOLDEN RETRIEVER,103,POODLE MINIATURE,52
2023,DOG,M5N,423,GOLDEN RETRIEVER,63,LABRADOR RETRIEVER,41,POODLE MINIATURE,25
2023,DOG,M5P,608,GOLDEN RETRIEVER,71,LABRADOR RETRIEVER,60,POODLE MINIATURE,35
2023,DOG,M5R,669,GOLDEN RETRIEVER,60,LABRADOR RETRIEVER,51,POODLE MINIATURE,45
2023,DOG,M5S,235,LABRADOR RETRIEVER,25,GOLDEN RETRIEVER,18,POODLE MINIATURE,18
2023,DOG,M5T,224,LABRADOR RETRIEVER,20,CHIHUAHUA SHORTHAIR,16,GERMAN SHEPHERD DOG,12
2023,DOG,M5V,1024,GOLDEN RETRIEVER,79,LABRADOR RETRIEVER,77,CHIHUAHUA SHORTHAIR,45
2023,DOG,M6A,239,GOLDEN RETRIEVER,21,LABRADOR RETRIEVER,17,SHIHTZU,15
2023,DOG,M6B,367,GOLDEN RETRIEVER,34,LABRADOR RETRIEVER,28,POODLE MINIATURE,21
2023,DOG,M6C,591,LABRADOR RETRIEVER,80,GOLDEN RETRIEVER,60,POODLE MINIATURE,38
2023,DOG,M6E,613,LABRADOR RETRIEVER,50,SHIHTZU,41,CHIHUAHUA SHORTHAIR,31
2023,DOG,M6G,725,LABRADOR RETRIEVER,96,GOLDEN RETRIEVER,62,GERMAN SHEPHERD DOG,32
2023,DOG,M6H,828,LABRADOR RETRIEVER,96,GOLDEN RETRIEVER,44,GERMAN SHEPHERD DOG,41
2023,DOG,M6J,689,LABRADOR RETRIEVER,81,GOLDEN RETRIEVER,49,GERMAN SHEPHERD DOG,35
2023,DOG,M6K,786,LABRADOR RETRIEVER,70,GOLDEN RETRIEVER,49,CHIHUAHUA SHORTHAIR,40
2023,DOG,M6L,192,GOLDEN RETRIEVER,14,SHIHTZU,14,MALTESE,13
2023,DOG,M6M,395,SHIHTZU,28,CHIHUAHUA SHORTHAIR,23,GERMAN SHEPHERD DOG,19
2023,DOG,M6N,744,LABRADOR RETRIEVER,64,SHIHTZU,48,CHIHUAHUA SHORTHAIR,39
2023,DOG,M6P,1073,LABRADOR RETRIEVER,126,GOLDEN RETRIEVER,94,GERMAN SHEPHERD DOG,43
2023,DOG,M6R,611,LABRADOR RETRIEVER,78,GOLDEN RETRIEVER,49,GERMAN SHEPHERD DOG,34
2023,DOG,M6S,916,LABRADOR RETRIEVER,125,GOLDEN RETRIEVER,97,COCKER SPANIEL,37
2023,DOG,M7A,1,GERMAN SHEPHERD DOG,1,,,,
2023,DOG,M8V,931,LABRADOR RETRIEVER,78,GOLDEN RETRIEVER,63,POODLE MINIATURE,43
2023,DOG,M8W,570,LABRADOR RETRIEVER,59,GOLDEN RETRIEVER,38,CHIHUAHUA SHORTHAIR,26
2023,DOG,M8X,337,LABRADOR RETRIEVER,45,GOLDEN RETRIEVER,41,POODLE MINIATURE,18
2023,DOG,M8Y,515,LABRADOR RETRIEVER,61,GOLDEN RETRIEVER,41,CHIHUAHUA SHORTHAIR,31
2023,DOG,M8Z,464,LABRADOR RETRIEVER,54,GOLDEN RETRIEVER,52,GERMAN SHEPHERD DOG,26
2023,DOG,M9A,696,LABRADOR RETRIEVER,94,GOLDEN RETRIEVER,56,GERMAN SHEPHERD DOG,40
2023,DOG,M9B,705,LABRADOR RETRIEVER,82,GOLDEN RETRIEVER,62,POODLE MINIATURE,41
2023,DOG,M9C,752,LABRADOR RETRIEVER,71,GOLDEN RETRIEVER,53,SHIHTZU,42
2023,DOG,M9L,86,MALTESE,9,GERMAN SHEPHERD DOG,8,SHIHTZU,7
2023,DOG,M9M,158,LABRADOR RETRIEVER,14,GERMAN SHEPHERD DOG,13,MALTESE,11
2023,DOG,M9N,333,LABRADOR RETRIEVER,28,GERMAN SHEPHERD DOG,22,GOLDEN RETRIEVER,19
2023,DOG,M9P,308,LABRADOR RETRIEVER,35,GERMAN SHEPHERD DOG,19,SHIHTZU,19
2023,DOG,M9R,380,GERMAN SHEPHERD DOG,34,COCKER SPANIEL,27,LABRADOR RETRIEVER,27
2023,DOG,M9V,294,GERMAN SHEPHERD DOG,34,SHIHTZU,33,AMERICAN BULLDOG,22
2023,DOG,M9W,372,GERMAN SHEPHERD DOG,41,LABRADOR RETRIEVER,30,SHIHTZU,28
2023,DOG,N3C,2,AMERICAN BULLDOG,2,,,,
2023,DOG,N4L,1,FLAT COATED RETRIEVER,1,,,,
2024,CAT,L0H,3,DOMESTIC SHORTHAIR,3,,,,
2024,CAT,L1T,2,DOMESTIC SHORTHAIR,2,,,,
2024,CAT,L3T,1,DOMESTIC SHORTHAIR,1,,,,
2024,CAT,L8M,1,DOMESTIC SHORTHAIR,1,,,,
2024,CAT,L8N,1,DOMESTIC SHORTHAIR,1,,,,
2024,CAT,M1B,230,DOMESTIC SHORTHAIR,171,DOMESTIC LONGHAIR,19,DOMESTIC MEDIUMHAIR,19
2024,CAT,M1C,187,DOMESTIC SHORTHAIR,147,DOMESTIC MEDIUMHAIR,16,DOMESTIC LONGHAIR,12
2024,CAT,M1E,403,DOMESTIC SHORTHAIR,302,DOMESTIC MEDIUMHAIR,48,DOMESTIC LONGHAIR,21
2024,CAT,M1G,136,DOMESTIC SHORTHAIR,96,DOMESTIC MEDIUMHAIR,13,DOMESTIC LONGHAIR,12
2024,CAT,M1H,108,DOMESTIC SHORTHAIR,86,DOMESTIC MEDIUMHAIR,10,DOMESTIC LONGHAIR,7
2024,CAT,M1J,196,DOMESTIC SHORTHAIR,151,DOMESTIC MEDIUMHAIR,23,DOMESTIC LONGHAIR,4
2024,CAT,M1K,293,DOMESTIC SHORTHAIR,234,DOMESTIC MEDIUMHAIR,22,DOMESTIC LONGHAIR,16
2024,CAT,M1L,240,DOMESTIC SHORTHAIR,175,DOMESTIC MEDIUMHAIR,17,DOMESTIC LONGHAIR,16
2024,CAT,M1M,229,DOMESTIC SHORTHAIR,178,DOMESTIC MEDIUMHAIR,22,DOMESTIC LONGHAIR,12
2024,CAT,M1N,266,DOMESTIC SHORTHAIR,199,DOMESTIC MEDIUMHAIR,28,DOMESTIC LONGHAIR,16
2024,CAT,M1P,232,DOMESTIC SHORTHAIR,154,DOMESTIC LONGHAIR,23,DOMESTIC MEDIUMHAIR,15
2024,CAT,M1R,121,DOMESTIC SHORTHAIR,80,DOMESTIC LONGHAIR,16,DOMESTIC MEDIUMHAIR,10
2024,CAT,M1S,156,DOMESTIC SHORTHAIR,123,DOMESTIC LONGHAIR,10,DOMESTIC MEDIUMHAIR,8
2024,CAT,M1T,173,DOMESTIC SHORTHAIR,116,DOMESTIC LONGHAIR,16,DOMESTIC MEDIUMHAIR,16
2024,CAT,M1V,147,DOMESTIC SHORTHAIR,109,DOMESTIC MEDIUMHAIR,13,DOMESTIC LONGHAIR,11
2024,CAT,M1W,181,DOMESTIC SHORTHAIR,141,DOMESTIC MEDIUMHAIR,12,DOMESTIC LONGHAIR,11
2024,CAT,M1X,29,DOMESTIC SHORTHAIR,25,DOMESTIC MEDIUMHAIR,3,SCOTTISH FOLD,1
2024,CAT,M2H,143,DOMESTIC SHORTHAIR,110,PERSIAN,9,DOMESTIC MEDIUMHAIR,8
2024,CAT,M2J,343,DOMESTIC SHORTHAIR,249,DOMESTIC MEDIUMHAIR,26,DOMESTIC LONGHAIR,20
2024,CAT,M2K,100,DOMESTIC SHORTHAIR,67,DOMESTIC LONGHAIR,7,DOMESTIC MEDIUMHAIR,6
2024,CAT,M2L,66,DOMESTIC SHORTHAIR,45,DOMESTIC MEDIUMHAIR,8,DOMESTIC LONGHAIR,6
2024,CAT,M2M,154,DOMESTIC SHORTHAIR,107,BRITISH SHORTHAIR,11,DOMESTIC MEDIUMHAIR,10
2024,CAT,M2N,468,DOMESTIC SHORTHAIR,320,DOMESTIC LONGHAIR,54,DOMESTIC MEDIUMHAIR,23
2024,CAT,M2P,38,DOMESTIC SHORTHAIR,26,DOMESTIC LONGHAIR,4,DOMESTIC MEDIUMHAIR,3
2024,CAT,M2R,190,DOMESTIC SHORTHAIR,145,DOMESTIC MEDIUMHAIR,14,DOMESTIC LONGHAIR,8
2024,CAT,M3A,201,DOMESTIC SHORTHAIR,150,DOMESTIC MEDIUMHAIR,18,DOMESTIC LONGHAIR,9
2024,CAT,M3B,69,DOMESTIC SHORTHAIR,48,DOMESTIC LONGHAIR,8,DOMESTIC MEDIUMHAIR,3
2024,CAT,M3C,176,DOMESTIC SHORTHAIR,129,DOMESTIC MEDIUMHAIR,18,DOMESTIC LONGHAIR,7
2024,CAT,M3H,241,DOMESTIC SHORTHAIR,172,DOMESTIC LONGHAIR,18,DOMESTIC MEDIUMHAIR,15
2024,CAT,M3J,172,DOMESTIC SHORTHAIR,112,DOMESTIC MEDIUMHAIR,16,DOMESTIC LONGHAIR,13
2024,CAT,M3K,57,DOMESTIC SHORTHAIR,46,DOMESTIC LONGHAIR,4,DOMESTIC MEDIUMHAIR,3
2024,CAT,M3L,69,DOMESTIC SHORTHAIR,47,DOMESTIC LONGHAIR,11,DOMESTIC MEDIUMHAIR,6
2024,CAT,M3M,122,DOMESTIC SHORTHAIR,99,DOMESTIC MEDIUMHAIR,7,DOMESTIC LONGHAIR,5
2024,CAT,M3N,183,DOMESTIC SHORTHAIR,147,DOMESTIC LONGHAIR,15,DOMESTIC MEDIUMHAIR,7
2024,CAT,M4A,93,DOMESTIC SHORTHAIR,67,DOMESTIC MEDIUMHAIR,10,DOMESTIC LONGHAIR,5
2024,CAT,M4B,170,DOMESTIC SHORTHAIR,134,DOMESTIC MEDIUMHAIR,16,DOMESTIC LONGHAIR,9
2024,CAT,M4C,489,DOMESTIC SHORTHAIR,360,DOMESTIC MEDIUMHAIR,47,DOMESTIC LONGHAIR,35
2024,CAT,M4E,308,DOMESTIC SHORTHAIR,236,DOMESTIC LONGHAIR,26,DOMESTIC MEDIUMHAIR,20
2024,CAT,M4G,173,DOMESTIC SHORTHAIR,132,DOMESTIC LONGHAIR,17,DOMESTIC MEDIUMHAIR,9
2024,CAT,M4H,56,DOMESTIC SHORTHAIR,38,DOMESTIC LONGHAIR,6,DOMESTIC MEDIUMHAIR,5
2024,CAT,M4J,433,DOMESTIC SHORTHAIR,335,DOMESTIC MEDIUMHAIR,35,DOMESTIC LONGHAIR,26
2024,CAT,M4K,313,DOMESTIC SHORTHAIR,241,DOMESTIC MEDIUMHAIR,28,DOMESTIC LONGHAIR,11
2024,CAT,M4L,323,DOMESTIC SHORTHAIR,238,DOMESTIC MEDIUMHAIR,30,DOMESTIC LONGHAIR,27
2024,CAT,M4M,252,DOMESTIC SHORTHAIR,181,DOMESTIC MEDIUMHAIR,28,DOMESTIC LONGHAIR,20
2024,CAT,M4N,91,DOMESTIC SHORTHAIR,68,DOMESTIC LONGHAIR,11,DEVON REX,3
2024,CAT,M4P,234,DOMESTIC SHORTHAIR,176,DOMESTIC MEDIUMHAIR,22,DOMESTIC LONGHAIR,18
2024,CAT,M4R,101,DOMESTIC SHORTHAIR,74,DOMESTIC MEDIUMHAIR,10,DOMESTIC LONGHAIR,6
2024,CAT,M4S,296,DOMESTIC SHORTHAIR,216,DOMESTIC LONGHAIR,30,DOMESTIC MEDIUMHAIR,22
2024,CAT,M4T,86,DOMESTIC SHORTHAIR,67,DOMESTIC LONGHAIR,10,DOMESTIC MEDIUMHAIR,3
2024,CAT,M4V,159,DOMESTIC SHORTHAIR,113,DOMESTIC MEDIUMHAIR,15,DOMESTIC LONGHAIR,12
2024,CAT,M4W,126,DOMESTIC SHORTHAIR,81,BENGAL,10,BOMBAY,9
2024,CAT,M4X,165,DOMESTIC SHORTHAIR,123,DOMESTIC MEDIUMHAIR,13,BENGAL,5
2024,CAT,M4Y,309,DOMESTIC SHORTHAIR,220,DOMESTIC MEDIUMHAIR,26,DOMESTIC LONGHAIR,21
2024,CAT,M5A,404,DOMESTIC SHORTHAIR,282,DOMESTIC MEDIUMHAIR,37,DOMESTIC LONGHAIR,24
2024,CAT,M5B,158,DOMESTIC SHORTHAIR,103,DOMESTIC MEDIUMHAIR,10,SIAMESE,9
2024,CAT,M5C,22,DOMESTIC SHORTHAIR,14,DOMESTIC MEDIUMHAIR,5,BRITISH SHORTHAIR,1
2024,CAT,M5E,92,DOMESTIC SHORTHAIR,70,DOMESTIC MEDIUMHAIR,9,BENGAL,3
2024,CAT,M5G,86,DOMESTIC SHORTHAIR,59,DOMESTIC LONGHAIR,8,DOMESTIC MEDIUMHAIR,7
2024,CAT,M5H,18,DOMESTIC SHORTHAIR,9,DOMESTIC LONGHAIR,2,DOMESTIC MEDIUMHAIR,2
2024,CAT,M5J,88,DOMESTIC SHORTHAIR,66,DOMESTIC LONGHAIR,5,DOMESTIC MEDIUMHAIR,4
2024,CAT,M5M,185,DOMESTIC SHORTHAIR,133,DOMESTIC MEDIUMHAIR,19,DOMESTIC LONGHAIR,7
2024,CAT,M5N,83,DOMESTIC SHORTHAIR,67,DOMESTIC MEDIUMHAIR,9,BURMESE,2
2024,CAT,M5P,153,DOMESTIC SHORTHAIR,108,DOMESTIC MEDIUMHAIR,17,DOMESTIC LONGHAIR,9
2024,CAT,M5R,253,DOMESTIC SHORTHAIR,173,DOMESTIC MEDIUMHAIR,31,DOMESTIC LONGHAIR,18
2024,CAT,M5S,134,DOMESTIC SHORTHAIR,101,DOMESTIC LONGHAIR,8,DOMESTIC MEDIUMHAIR,6
2024,CAT,M5T,142,DOMESTIC SHORTHAIR,111,DOMESTIC MEDIUMHAIR,9,BENGAL,5
2024,CAT,M5V,430,DOMESTIC SHORTHAIR,295,DOMESTIC MEDIUMHAIR,38,DOMESTIC LONGHAIR,18
2024,CAT,M6A,115,DOMESTIC SHORTHAIR,92,DOMESTIC LONGHAIR,6,DOMESTIC MEDIUMHAIR,6
2024,CAT,M6B,153,DOMESTIC SHORTHAIR,115,DOMESTIC MEDIUMHAIR,10,EUROPEAN SHORTHAIR,6
2024,CAT,M6C,191,DOMESTIC SHORTHAIR,127,DOMESTIC MEDIUMHAIR,18,SIAMESE,14
2024,CAT,M6E,266,DOMESTIC SHORTHAIR,199,DOMESTIC LONGHAIR,23,DOMESTIC MEDIUMHAIR,22
2024,CAT,M6G,337,DOMESTIC SHORTHAIR,258,DOMESTIC MEDIUMHAIR,25,DOMESTIC LONGHAIR,21
2024,CAT,M6H,507,DOMESTIC SHORTHAIR,384,DOMESTIC MEDIUMHAIR,41,DOMESTIC LONGHAIR,30
2024,CAT,M6J,363,DOMESTIC SHORTHAIR,268,DOMESTIC MEDIUMHAIR,32,DOMESTIC LONGHAIR,26
2024,CAT,M6K,497,DOMESTIC SHORTHAIR,370,DOMESTIC MEDIUMHAIR,38,DOMESTIC LONGHAIR,34
2024,CAT,M6L,100,DOMESTIC SHORTHAIR,74,DOMESTIC LONGHAIR,15,DOMESTIC MEDIUMHAIR,5
2024,CAT,M6M,226,DOMESTIC SHORTHAIR,180,DOMESTIC MEDIUMHAIR,12,DOMESTIC LONGHAIR,10
2024,CAT,M6N,329,DOMESTIC SHORTHAIR,247,DOMESTIC MEDIUMHAIR,29,DOMESTIC LONGHAIR,22
2024,CAT,M6P,578,DOMESTIC SHORTHAIR,447,DOMESTIC LONGHAIR,45,DOMESTIC MEDIUMHAIR,39
2024,CAT,M6R,288,DOMESTIC SHORTHAIR,221,DOMESTIC MEDIUMHAIR,22,DOMESTIC LONGHAIR,19
2024,CAT,M6S,354,DOMESTIC SHORTHAIR,278,DOMESTIC MEDIUMHAIR,30,DOMESTIC LONGHAIR,17
2024,CAT,M6T,1,DOMESTIC SHORTHAIR,1,,,,
2024,CAT,M8V,393,DOMESTIC SHORTHAIR,286,DOMESTIC MEDIUMHAIR,43,DOMESTIC LONGHAIR,29
2024,CAT,M8W,197,DOMESTIC SHORTHAIR,155,DOMESTIC MEDIUMHAIR,14,DOMESTIC LONGHAIR,9
2024,CAT,M8X,79,DOMESTIC SHORTHAIR,54,DOMESTIC MEDIUMHAIR,9,AMERICAN SHORTHAIR,2
2024,CAT,M8Y,149,DOMESTIC SHORTHAIR,116,DOMESTIC MEDIUMHAIR,11,DOMESTIC LONGHAIR,7
2024,CAT,M8Z,159,DOMESTIC SHORTHAIR,118,DOMESTIC MEDIUMHAIR,20,DOMESTIC LONGHAIR,11
2024,CAT,M9A,283,DOMESTIC SHORTHAIR,203,DOMESTIC MEDIUMHAIR,27,DOMESTIC LONGHAIR,24
2024,CAT,M9B,192,DOMESTIC SHORTHAIR,148,DOMESTIC MEDIUMHAIR,15,DOMESTIC LONGHAIR,9
2024,CAT,M9C,259,DOMESTIC SHORTHAIR,183,DOMESTIC LONGHAIR,31,DOMESTIC MEDIUMHAIR,17
2024,CAT,M9L,38,DOMESTIC SHORTHAIR,34,DOMESTIC MEDIUMHAIR,3,DOMESTIC LONGHAIR,1
2024,CAT,M9M,71,DOMESTIC SHORTHAIR,60,DOMESTIC MEDIUMHAIR,5,DOMESTIC LONGHAIR,3
2024,CAT,M9N,156,DOMESTIC SHORTHAIR,130,DOMESTIC LONGHAIR,11,DOMESTIC MEDIUMHAIR,9
2024,CAT,M9P,116,DOMESTIC SHORTHAIR,91,DOMESTIC MEDIUMHAIR,13,DOMESTIC LONGHAIR,4
2024,CAT,M9R,179,DOMESTIC SHORTHAIR,137,DOMESTIC MEDIUMHAIR,17,DOMESTIC LONGHAIR,13
2024,CAT,M9V,125,DOMESTIC SHORTHAIR,84,DOMESTIC MEDIUMHAIR,15,DOMESTIC LONGHAIR,12
2024,CAT,M9W,164,DOMESTIC SHORTHAIR,128,DOMESTIC MEDIUMHAIR,11,DOMESTIC LONGHAIR,10
2024,DOG,K0L,1,BULLDOG,1,,,,
2024,DOG,K6K,1,POODLE STANDARD,1,,,,
2024,DOG,L1E,1,ROTTWEILER,1,,,,
2024,DOG,L1N,1,YORKSHIRE TERRIER,1,,,,
2024,DOG,L3T,1,MALTESE,1,,,,
2024,DOG,L3Z,1,ROTTWEILER,1,,,,
2024,DOG,L4A,1,LABRADOR RETRIEVER,1,,,,
2024,DOG,L4C,2,AMERICAN BULLDOG,1,HOUND,1,,
2024,DOG,L4R,2,CANE CORSO,1,GOLDEN RETRIEVER,1,,
2024,DOG,L4Y,1,MASTIFF,1,,,,
2024,DOG,L7G,1,ROTTWEILER,1,,,,
2024,DOG,L9V,2,BULLMASTIFF,2,,,,
2024,DOG,M1B,471,SHIHTZU,44,GERMAN SHEPHERD DOG,34,LABRADOR RETRIEVER,32
2024,DOG,M1C,604,LABRADOR RETRIEVER,69,GOLDEN RETRIEVER,44,SHIHTZU,39
2024,DOG,M1E,714,GOLDEN RETRIEVER,56,LABRADOR RETRIEVER,52,GERMAN SHEPHERD DOG,46
2024,DOG,M1G,290,GERMAN SHEPHERD DOG,21,LABRADOR RETRIEVER,20,GOLDEN RETRIEVER,17
2024,DOG,M1H,219,LABRADOR RETRIEVER,24,GERMAN SHEPHERD DOG,20,SHIHTZU,15
2024,DOG,M1J,319,LABRADOR RETRIEVER,27,GOLDEN RETRIEVER,22,SHIHTZU,22
2024,DOG,M1K,427,LABRADOR RETRIEVER,28,GERMAN SHEPHERD DOG,26,SHIHTZU,24
2024,DOG,M1L,404,LABRADOR RETRIEVER,38,GERMAN SHEPHERD DOG,28,GOLDEN RETRIEVER,27
2024,DOG,M1M,494,LABRADOR RETRIEVER,52,GOLDEN RETRIEVER,45,GERMAN SHEPHERD DOG,38
2024,DOG,M1N,654,LABRADOR RETRIEVER,65,GOLDEN RETRIEVER,55,GERMAN SHEPHERD DOG,42
2024,DOG,M1P,385,SHIHTZU,39,LABRADOR RETRIEVER,31,GOLDEN RETRIEVER,28
2024,DOG,M1R,388,LABRADOR RETRIEVER,38,GERMAN SHEPHERD DOG,36,SHIHTZU,26
2024,DOG,M1S,331,LABRADOR RETRIEVER,32,GOLDEN RETRIEVER,27,GERMAN SHEPHERD DOG,26
2024,DOG,M1T,354,SHIHTZU,27,LABRADOR RETRIEVER,24,MALTESE,22
2024,DOG,M1V,351,SHIHTZU,26,GERMAN SHEPHERD DOG,23,LABRADOR RETRIEVER,23
2024,DOG,M1W,366,LABRADOR RETRIEVER,25,POODLE MINIATURE,24,SHIHTZU,23
2024,DOG,M1X,91,SHIHTZU,14,LABRADOR RETRIEVER,10,GOLDEN RETRIEVER,6
2024,DOG,M2H,276,GERMAN SHEPHERD DOG,34,LABRADOR RETRIEVER,25,GOLDEN RETRIEVER,22
2024,DOG,M2J,666,LABRADOR RETRIEVER,48,GOLDEN RETRIEVER,40,SHIHTZU,39
2024,DOG,M2K,385,LABRADOR RETRIEVER,26,COCKER SPANIEL,23,MALTESE,22
2024,DOG,M2L,240,GOLDEN RETRIEVER,27,LABRADOR RETRIEVER,19,GERMAN SHEPHERD DOG,16
2024,DOG,M2M,296,GOLDEN RETRIEVER,23,GERMAN SHEPHERD DOG,21,SHIHTZU,21
2024,DOG,M2N,925,GOLDEN RETRIEVER,75,LABRADOR RETRIEVER,58,COCKER SPANIEL,50
2024,DOG,M2P,199,GOLDEN RETRIEVER,25,LABRADOR RETRIEVER,13,GERMAN SHEPHERD DOG,8
2024,DOG,M2R,406,GOLDEN RETRIEVER,35,SHIHTZU,35,LABRADOR RETRIEVER,29
2024,DOG,M3A,535,GERMAN SHEPHERD DOG,49,LABRADOR RETRIEVER,45,SHIHTZU,34
2024,DOG,M3B,281,LABRADOR RETRIEVER,37,GOLDEN RETRIEVER,27,GERMAN SHEPHERD DOG,16
2024,DOG,M3C,308,LABRADOR RETRIEVER,27,GOLDEN RETRIEVER,22,GERMAN SHEPHERD DOG,21
2024,DOG,M3H,706,GOLDEN RETRIEVER,79,LABRADOR RETRIEVER,52,COCKER SPANIEL,42
2024,DOG,M3J,235,LABRADOR RETRIEVER,18,AMERICAN BULLDOG,16,MALTESE,16
2024,DOG,M3K,104,SHIHTZU,11,CHIHUAHUA SHORTHAIR,8,LABRADOR RETRIEVER,8
2024,DOG,M3L,192,GERMAN SHEPHERD DOG,16,SHIHTZU,16,CHIHUAHUA SHORTHAIR,12
2024,DOG,M3M,257,GERMAN SHEPHERD DOG,25,SHIHTZU,25,LABRADOR RETRIEVER,19
2024,DOG,M3N,252,SHIHTZU,21,LABRADOR RETRIEVER,20,COCKER SPANIEL,19
2024,DOG,M4A,182,GERMAN SHEPHERD DOG,16,GOLDEN RETRIEVER,15,LABRADOR RETRIEVER,13
2024,DOG,M4B,384,GERMAN SHEPHERD DOG,33,LABRADOR RETRIEVER,27,COCKER SPANIEL,20
2024,DOG,M4C,1011,LABRADOR RETRIEVER,101,GOLDEN RETRIEVER,66,GERMAN SHEPHERD DOG,61
2024,DOG,M4E,1030,LABRADOR RETRIEVER,129,GOLDEN RETRIEVER,116,AUSTRALIAN SHEPHERD,43
2024,DOG,M4G,661,GOLDEN RETRIEVER,98,LABRADOR RETRIEVER,84,COCKER SPANIEL,32
2024,DOG,M4H,40,GOLDEN RETRIEVER,4,SHIHTZU,4,AMERICAN BULLDOG,3
2024,DOG,M4J,1021,LABRADOR RETRIEVER,132,GOLDEN RETRIEVER,89,GERMAN SHEPHERD DOG,62
2024,DOG,M4K,906,LABRADOR RETRIEVER,97,GOLDEN RETRIEVER,69,GERMAN SHEPHERD DOG,44
2024,DOG,M4L,1183,LABRADOR RETRIEVER,158,GOLDEN RETRIEVER,86,GERMAN SHEPHERD DOG,65
2024,DOG,M4M,723,GOLDEN RETRIEVER,69,LABRADOR RETRIEVER,66,GERMAN SHEPHERD DOG,36
2024,DOG,M4N,585,GOLDEN RETRIEVER,86,LABRADOR RETRIEVER,78,COCKER SPANIEL,43
2024,DOG,M4P,611,LABRADOR RETRIEVER,57,GOLDEN RETRIEVER,48,SHIHTZU,26
2024,DOG,M4R,439,GOLDEN RETRIEVER,58,LABRADOR RETRIEVER,46,POODLE MINIATURE,23
2024,DOG,M4S,876,LABRADOR RETRIEVER,117,GOLDEN RETRIEVER,80,POODLE MINIATURE,43
2024,DOG,M4T,394,LABRADOR RETRIEVER,54,GOLDEN RETRIEVER,39,POODLE STANDARD,21
2024,DOG,M4V,681,LABRADOR RETRIEVER,76,GOLDEN RETRIEVER,61,POODLE MINIATURE,35
2024,DOG,M4W,484,LABRADOR RETRIEVER,63,GOLDEN RETRIEVER,52,POODLE MINIATURE,25
2024,DOG,M4X,331,LABRADOR RETRIEVER,32,GOLDEN RETRIEVER,25,COCKER SPANIEL,16
2024,DOG,M4Y,576,LABRADOR RETRIEVER,56,CHIHUAHUA SHORTHAIR,31,MINIATURE SCHNAUZER,28
2024,DOG,M5A,1101,LABRADOR RETRIEVER,86,GOLDEN RETRIEVER,53,CHIHUAHUA SHORTHAIR,40
2024,DOG,M5B,212,LABRADOR RETRIEVER,24,GOLDEN RETRIEVER,13,BEAGLE,10
2024,DOG,M5C,56,YORKSHIRE TERRIER,5,COCKER SPANIEL,4,BEAGLE,3
2024,DOG,M5E,205,COCKER SPANIEL,14,CHIHUAHUA SHORTHAIR,13,LABRADOR RETRIEVER,12
2024,DOG,M5G,90,GOLDEN RETRIEVER,8,YORKSHIRE TERRIER,7,AUSTRALIAN SHEPHERD,6
2024,DOG,M5H,37,FRENCH BULLDOG,4,GOLDEN RETRIEVER,3,LABRADOR RETRIEVER,3
2024,DOG,M5J,179,LABRADOR RETRIEVER,18,GOLDEN RETRIEVER,11,POMERANIAN,10
2024,DOG,M5L,1,AUSTRALIAN SHEPHERD,1,,,,
2024,DOG,M5M,851,LABRADOR RETRIEVER,112,GOLDEN RETRIEVER,106,POODLE MINIATURE,50
2024,DOG,M5N,442,GOLDEN RETRIEVER,58,LABRADOR RETRIEVER,43,AUSTRALIAN SHEPHERD,29
2024,DOG,M5P,593,GOLDEN RETRIEVER,62,LABRADOR RETRIEVER,59,POODLE MINIATURE,28
2024,DOG,M5R,728,LABRADOR RETRIEVER,60,GOLDEN RETRIEVER,55,POODLE MINIATURE,42
2024,DOG,M5S,250,LABRADOR RETRIEVER,30,POODLE MINIATURE,14,GOLDEN RETRIEVER,13
2024,DOG,M5T,261,LABRADOR RETRIEVER,25,CHIHUAHUA SHORTHAIR,20,GOLDEN RETRIEVER,15
2024,DOG,M5V,1136,LABRADOR RETRIEVER,92,GOLDEN RETRIEVER,77,POODLE MINIATURE,52
2024,DOG,M6A,261,GOLDEN RETRIEVER,28,LABRADOR RETRIEVER,19,SHIHTZU,18
2024,DOG,M6B,391,GOLDEN RETRIEVER,40,LABRADOR RETRIEVER,32,GERMAN SHEPHERD DOG,22
2024,DOG,M6C,601,LABRADOR RETRIEVER,90,GOLDEN RETRIEVER,56,POODLE MINIATURE,36
2024,DOG,M6E,653,LABRADOR RETRIEVER,52,GOLDEN RETRIEVER,38,SHIHTZU,35
2024,DOG,M6G,805,LABRADOR RETRIEVER,105,GOLDEN RETRIEVER,74,COCKER SPANIEL,33
2024,DOG,M6H,903,LABRADOR RETRIEVER,104,GERMAN SHEPHERD DOG,55,GOLDEN RETRIEVER,53
2024,DOG,M6J,718,LABRADOR RETRIEVER,79,GOLDEN RETRIEVER,49,GERMAN SHEPHERD DOG,38
2024,DOG,M6K,875,LABRADOR RETRIEVER,73,GOLDEN RETRIEVER,60,CHIHUAHUA SHORTHAIR,50
2024,DOG,M6L,202,GOLDEN RETRIEVER,16,SHIHTZU,15,GERMAN SHEPHERD DOG,11
2024,DOG,M6M,460,SHIHTZU,39,MALTESE,33,AMERICAN BULLDOG,23
2024,DOG,M6N,740,LABRADOR RETRIEVER,62,CHIHUAHUA SHORTHAIR,46,SHIHTZU,41
2024,DOG,M6P,1113,LABRADOR RETRIEVER,138,GOLDEN RETRIEVER,92,GERMAN SHEPHERD DOG,46
2024,DOG,M6R,640,LABRADOR RETRIEVER,89,GOLDEN RETRIEVER,44,POODLE MINIATURE,32
2024,DOG,M6S,976,LABRADOR RETRIEVER,121,GOLDEN RETRIEVER,96,POODLE MINIATURE,39
2024,DOG,M8V,978,LABRADOR RETRIEVER,92,GOLDEN RETRIEVER,64,GERMAN SHEPHERD DOG,46
2024,DOG,M8W,597,LABRADOR RETRIEVER,62,GOLDEN RETRIEVER,44,SHIHTZU,34
2024,DOG,M8X,348,LABRADOR RETRIEVER,46,GOLDEN RETRIEVER,43,POODLE MINIATURE,18
2024,DOG,M8Y,553,GOLDEN RETRIEVER,56,LABRADOR RETRIEVER,50,CHIHUAHUA SHORTHAIR,27
2024,DOG,M8Z,504,GOLDEN RETRIEVER,54,LABRADOR RETRIEVER,47,GERMAN SHEPHERD DOG,31
2024,DOG,M9A,748,LABRADOR RETRIEVER,87,GOLDEN RETRIEVER,63,COCKER SPANIEL,35
2024,DOG,M9B,712,LABRADOR RETRIEVER,81,GOLDEN RETRIEVER,63,GERMAN SHEPHERD DOG,41
2024,DOG,M9C,806,LABRADOR RETRIEVER,81,GOLDEN RETRIEVER,64,GERMAN SHEPHERD DOG,41
2024,DOG,M9L,88,AMERICAN BULLY,12,GERMAN SHEPHERD DOG,12,MALTESE,8
2024,DOG,M9M,173,SHIHTZU,20,GOLDEN RETRIEVER,12,LABRADOR RETRIEVER,12
2024,DOG,M9N,352,LABRADOR RETRIEVER,34,GERMAN SHEPHERD DOG,22,SHIHTZU,16
2024,DOG,M9P,334,LABRADOR RETRIEVER,31,SHIHTZU,20,GOLDEN RETRIEVER,17
2024,DOG,M9R,414,GERMAN SHEPHERD DOG,30,GOLDEN RETRIEVER,29,SHIHTZU,28
2024,DOG,M9V,298,LABRADOR RETRIEVER,25,GERMAN SHEPHERD DOG,22,AMERICAN BULLDOG,21
2024,DOG,M9W,404,LABRADOR RETRIEVER,35,GERMAN SHEPHERD DOG,33,SHIHTZU,28
2024,DOG,N2J,1,GOLDEN RETRIEVER,1,,,,
2025,CAT,K9V,1,DOMESTIC SHORTHAIR,1,,,,
2025,CAT,L1T,2,DOMESTIC SHORTHAIR,2,,,,
2025,CAT,L8N,1,DOMESTIC SHORTHAIR,1,,,,
2025,CAT,M1B,185,DOMESTIC SHORTHAIR,140,DOMESTIC MEDIUMHAIR,14,DOMESTIC LONGHAIR,10
2025,CAT,M1C,162,DOMESTIC SHORTHAIR,118,DOMESTIC MEDIUMHAIR,16,DOMESTIC LONGHAIR,14
2025,CAT,M1E,357,DOMESTIC SHORTHAIR,286,DOMESTIC MEDIUMHAIR,28,DOMESTIC LONGHAIR,14
2025,CAT,M1G,102,DOMESTIC SHORTHAIR,71,DOMESTIC LONGHAIR,9,DOMESTIC MEDIUMHAIR,9
2025,CAT,M1H,124,DOMESTIC SHORTHAIR,100,DOMESTIC MEDIUMHAIR,8,DOMESTIC LONGHAIR,6
2025,CAT,M1J,180,DOMESTIC SHORTHAIR,133,DOMESTIC MEDIUMHAIR,12,DOMESTIC LONGHAIR,9
2025,CAT,M1K,226,DOMESTIC SHORTHAIR,180,DOMESTIC LONGHAIR,12,DOMESTIC MEDIUMHAIR,12
2025,CAT,M1L,176,DOMESTIC SHORTHAIR,130,DOMESTIC LONGHAIR,12,DOMESTIC MEDIUMHAIR,10
2025,CAT,M1M,173,DOMESTIC SHORTHAIR,129,DOMESTIC LONGHAIR,14,DOMESTIC MEDIUMHAIR,10
2025,CAT,M1N,164,DOMESTIC SHORTHAIR,116,DOMESTIC MEDIUMHAIR,13,DOMESTIC LONGHAIR,10
2025,CAT,M1P,234,DOMESTIC SHORTHAIR,168,DOMESTIC LONGHAIR,16,DOMESTIC MEDIUMHAIR,12
2025,CAT,M1R,116,DOMESTIC SHORTHAIR,76,DOMESTIC LONGHAIR,14,DOMESTIC MEDIUMHAIR,7
2025,CAT,M1S,110,DOMESTIC SHORTHAIR,89,DOMESTIC LONGHAIR,8,DOMESTIC MEDIUMHAIR,3
2025,CAT,M1T,135,DOMESTIC SHORTHAIR,92,DOMESTIC LONGHAIR,18,DOMESTIC MEDIUMHAIR,9
2025,CAT,M1V,116,DOMESTIC SHORTHAIR,89,DOMESTIC LONGHAIR,7,DOMESTIC MEDIUMHAIR,5
2025,CAT,M1W,216,DOMESTIC SHORTHAIR,180,DOMESTIC MEDIUMHAIR,10,DOMESTIC LONGHAIR,8
2025,CAT,M1X,20,DOMESTIC SHORTHAIR,15,DOMESTIC MEDIUMHAIR,3,AMERICAN SHORTHAIR,1
2025,CAT,M2H,101,DOMESTIC SHORTHAIR,76,DOMESTIC MEDIUMHAIR,8,DOMESTIC LONGHAIR,5
2025,CAT,M2J,266,DOMESTIC SHORTHAIR,194,DOMESTIC MEDIUMHAIR,23,DOMESTIC LONGHAIR,17
2025,CAT,M2K,128,DOMESTIC SHORTHAIR,98,DOMESTIC LONGHAIR,7,DOMESTIC MEDIUMHAIR,5
2025,CAT,M2L,43,DOMESTIC SHORTHAIR,25,RAGDOLL,7,DOMESTIC MEDIUMHAIR,4
2025,CAT,M2M,119,DOMESTIC SHORTHAIR,77,BRITISH SHORTHAIR,8,DOMESTIC MEDIUMHAIR,8
2025,CAT,M2N,414,DOMESTIC SHORTHAIR,282,DOMESTIC LONGHAIR,38,DOMESTIC MEDIUMHAIR,26
2025,CAT,M2P,33,DOMESTIC SHORTHAIR,22,DOMESTIC LONGHAIR,3,MAINE COON,3
2025,CAT,M2R,155,DOMESTIC SHORTHAIR,118,DOMESTIC MEDIUMHAIR,12,DOMESTIC LONGHAIR,8
2025,CAT,M3A,240,DOMESTIC SHORTHAIR,176,DOMESTIC MEDIUMHAIR,25,DOMESTIC LONGHAIR,14
2025,CAT,M3B,56,DOMESTIC SHORTHAIR,43,DOMESTIC LONGHAIR,5,DOMESTIC MEDIUMHAIR,3
2025,CAT,M3C,183,DOMESTIC SHORTHAIR,133,DOMESTIC LONGHAIR,11,DOMESTIC MEDIUMHAIR,5
2025,CAT,M3H,196,DOMESTIC SHORTHAIR,126,DOMESTIC LONGHAIR,25,PERSIAN,10
2025,CAT,M3J,121,DOMESTIC SHORTHAIR,88,DOMESTIC LONGHAIR,10,DOMESTIC MEDIUMHAIR,5
2025,CAT,M3K,44,DOMESTIC SHORTHAIR,39,DOMESTIC LONGHAIR,3,NORWEGIAN FOREST CAT,1
2025,CAT,M3L,58,DOMESTIC SHORTHAIR,40,DOMESTIC LONGHAIR,10,DOMESTIC MEDIUMHAIR,4
2025,CAT,M3M,133,DOMESTIC SHORTHAIR,98,DOMESTIC LONGHAIR,19,DOMESTIC MEDIUMHAIR,9
2025,CAT,M3N,140,DOMESTIC SHORTHAIR,107,DOMESTIC LONGHAIR,13,DOMESTIC MEDIUMHAIR,10
2025,CAT,M4A,61,DOMESTIC SHORTHAIR,47,DOMESTIC MEDIUMHAIR,6,DOMESTIC LONGHAIR,4
2025,CAT,M4B,141,DOMESTIC SHORTHAIR,107,DOMESTIC LONGHAIR,9,DOMESTIC MEDIUMHAIR,8
2025,CAT,M4C,390,DOMESTIC SHORTHAIR,286,DOMESTIC LONGHAIR,32,DOMESTIC MEDIUMHAIR,30
2025,CAT,M4E,247,DOMESTIC SHORTHAIR,179,DOMESTIC LONGHAIR,24,DOMESTIC MEDIUMHAIR,17
2025,CAT,M4G,134,DOMESTIC SHORTHAIR,116,DOMESTIC LONGHAIR,5,DOMESTIC MEDIUMHAIR,4
2025,CAT,M4H,43,DOMESTIC SHORTHAIR,32,DOMESTIC MEDIUMHAIR,4,DOMESTIC LONGHAIR,3
2025,CAT,M4J,308,DOMESTIC SHORTHAIR,251,DOMESTIC MEDIUMHAIR,22,DOMESTIC LONGHAIR,13
2025,CAT,M4K,247,DOMESTIC SHORTHAIR,186,DOMESTIC MEDIUMHAIR,19,DOMESTIC LONGHAIR,14
2025,CAT,M4L,253,DOMESTIC SHORTHAIR,199,DOMESTIC LONGHAIR,16,DOMESTIC MEDIUMHAIR,12
2025,CAT,M4M,209,DOMESTIC SHORTHAIR,140,DOMESTIC MEDIUMHAIR,23,DOMESTIC LONGHAIR,19
2025,CAT,M4N,93,DOMESTIC SHORTHAIR,67,DOMESTIC LONGHAIR,6,DOMESTIC MEDIUMHAIR,5
2025,CAT,M4P,227,DOMESTIC SHORTHAIR,167,DOMESTIC LONGHAIR,18,DOMESTIC MEDIUMHAIR,14
2025,CAT,M4R,86,DOMESTIC SHORTHAIR,72,AMERICAN SHORTHAIR,4,DOMESTIC MEDIUMHAIR,4
2025,CAT,M4S,245,DOMESTIC SHORTHAIR,178,DOMESTIC LONGHAIR,22,DOMESTIC MEDIUMHAIR,15
2025,CAT,M4T,70,DOMESTIC SHORTHAIR,55,DOMESTIC LONGHAIR,8,DOMESTIC MEDIUMHAIR,2
2025,CAT,M4V,124,DOMESTIC SHORTHAIR,92,DOMESTIC LONGHAIR,14,DOMESTIC MEDIUMHAIR,10
2025,CAT,M4W,100,DOMESTIC SHORTHAIR,74,DOMESTIC LONGHAIR,7,RAGDOLL,4
2025,CAT,M4X,152,DOMESTIC SHORTHAIR,101,DOMESTIC MEDIUMHAIR,23,DOMESTIC LONGHAIR,6
2025,CAT,M4Y,288,DOMESTIC SHORTHAIR,191,DOMESTIC LONGHAIR,25,DOMESTIC MEDIUMHAIR,14
2025,CAT,M5A,375,DOMESTIC SHORTHAIR,262,DOMESTIC LONGHAIR,30,DOMESTIC MEDIUMHAIR,26
2025,CAT,M5B,133,DOMESTIC SHORTHAIR,93,DOMESTIC LONGHAIR,12,DOMESTIC MEDIUMHAIR,4
2025,CAT,M5C,24,DOMESTIC SHORTHAIR,15,DOMESTIC LONGHAIR,3,DOMESTIC MEDIUMHAIR,3
2025,CAT,M5E,98,DOMESTIC SHORTHAIR,75,DOMESTIC MEDIUMHAIR,11,DOMESTIC LONGHAIR,5
2025,CAT,M5G,82,DOMESTIC SHORTHAIR,51,DOMESTIC LONGHAIR,11,BENGAL,5
2025,CAT,M5H,18,DOMESTIC SHORTHAIR,9,DOMESTIC LONGHAIR,3,BRITISH SHORTHAIR,2
2025,CAT,M5J,88,DOMESTIC SHORTHAIR,56,DOMESTIC LONGHAIR,11,SIAMESE,4
2025,CAT,M5M,127,DOMESTIC SHORTHAIR,94,DOMESTIC MEDIUMHAIR,11,DOMESTIC LONGHAIR,4
2025,CAT,M5N,69,DOMESTIC SHORTHAIR,50,DOMESTIC MEDIUMHAIR,8,DOMESTIC LONGHAIR,4
2025,CAT,M5P,140,DOMESTIC SHORTHAIR,93,DOMESTIC MEDIUMHAIR,15,DOMESTIC LONGHAIR,11
2025,CAT,M5R,204,DOMESTIC SHORTHAIR,130,DOMESTIC LONGHAIR,27,DOMESTIC MEDIUMHAIR,19
2025,CAT,M5S,85,DOMESTIC SHORTHAIR,63,DOMESTIC LONGHAIR,4,MAINE COON,3
2025,CAT,M5T,119,DOMESTIC SHORTHAIR,90,DOMESTIC LONGHAIR,10,BENGAL,5
2025,CAT,M5V,431,DOMESTIC SHORTHAIR,313,DOMESTIC LONGHAIR,26,DOMESTIC MEDIUMHAIR,19
2025,CAT,M6A,107,DOMESTIC SHORTHAIR,85,DOMESTIC LONGHAIR,7,DOMESTIC MEDIUMHAIR,6
2025,CAT,M6B,128,DOMESTIC SHORTHAIR,95,DOMESTIC LONGHAIR,8,EUROPEAN SHORTHAIR,5
2025,CAT,M6C,152,DOMESTIC SHORTHAIR,101,DOMESTIC MEDIUMHAIR,17,DOMESTIC LONGHAIR,10
2025,CAT,M6E,243,DOMESTIC SHORTHAIR,168,DOMESTIC MEDIUMHAIR,24,DOMESTIC LONGHAIR,18
2025,CAT,M6G,271,DOMESTIC SHORTHAIR,201,DOMESTIC MEDIUMHAIR,22,DOMESTIC LONGHAIR,18
2025,CAT,M6H,421,DOMESTIC SHORTHAIR,319,DOMESTIC LONGHAIR,30,DOMESTIC MEDIUMHAIR,22
2025,CAT,M6J,271,DOMESTIC SHORTHAIR,212,DOMESTIC LONGHAIR,17,DOMESTIC MEDIUMHAIR,12
2025,CAT,M6K,420,DOMESTIC SHORTHAIR,313,DOMESTIC LONGHAIR,33,DOMESTIC MEDIUMHAIR,26
2025,CAT,M6L,67,DOMESTIC SHORTHAIR,52,DOMESTIC LONGHAIR,8,DOMESTIC MEDIUMHAIR,3
2025,CAT,M6M,169,DOMESTIC SHORTHAIR,131,DOMESTIC LONGHAIR,14,BOMBAY,5
2025,CAT,M6N,244,DOMESTIC SHORTHAIR,188,DOMESTIC LONGHAIR,18,DOMESTIC MEDIUMHAIR,14
2025,CAT,M6P,472,DOMESTIC SHORTHAIR,349,DOMESTIC LONGHAIR,57,DOMESTIC MEDIUMHAIR,30
2025,CAT,M6R,257,DOMESTIC SHORTHAIR,192,DOMESTIC LONGHAIR,22,DOMESTIC MEDIUMHAIR,13
2025,CAT,M6S,295,DOMESTIC SHORTHAIR,241,DOMESTIC MEDIUMHAIR,21,DOMESTIC LONGHAIR,16
2025,CAT,M8V,314,DOMESTIC SHORTHAIR,235,DOMESTIC MEDIUMHAIR,28,DOMESTIC LONGHAIR,22
2025,CAT,M8W,165,DOMESTIC SHORTHAIR,124,DOMESTIC MEDIUMHAIR,15,DOMESTIC LONGHAIR,11
2025,CAT,M8X,69,DOMESTIC SHORTHAIR,49,DOMESTIC MEDIUMHAIR,9,DOMESTIC LONGHAIR,3
2025,CAT,M8Y,115,DOMESTIC SHORTHAIR,87,DOMESTIC LONGHAIR,6,DOMESTIC MEDIUMHAIR,5
2025,CAT,M8Z,141,DOMESTIC SHORTHAIR,101,DOMESTIC MEDIUMHAIR,17,DOMESTIC LONGHAIR,10
2025,CAT,M9A,227,DOMESTIC SHORTHAIR,158,DOMESTIC LONGHAIR,18,DOMESTIC MEDIUMHAIR,15
2025,CAT,M9B,147,DOMESTIC SHORTHAIR,111,DOMESTIC MEDIUMHAIR,11,DOMESTIC LONGHAIR,9
2025,CAT,M9C,204,DOMESTIC SHORTHAIR,152,DOMESTIC LONGHAIR,19,DOMESTIC MEDIUMHAIR,10
2025,CAT,M9L,24,DOMESTIC SHORTHAIR,21,DOMESTIC LONGHAIR,1,DOMESTIC MEDIUMHAIR,1
2025,CAT,M9M,49,DOMESTIC SHORTHAIR,39,BOMBAY,2,DOMESTIC LONGHAIR,2
2025,CAT,M9N,142,DOMESTIC SHORTHAIR,119,DOMESTIC LONGHAIR,10,BENGAL,5
2025,CAT,M9P,84,DOMESTIC SHORTHAIR,62,DOMESTIC MEDIUMHAIR,5,RAGDOLL,4
2025,CAT,M9R,119,DOMESTIC SHORTHAIR,88,DOMESTIC MEDIUMHAIR,10,DOMESTIC LONGHAIR,8
2025,CAT,M9V,97,DOMESTIC SHORTHAIR,78,DOMESTIC MEDIUMHAIR,7,DOMESTIC LONGHAIR,4
2025,CAT,M9W,137,DOMESTIC SHORTHAIR,99,DOMESTIC LONGHAIR,10,DOMESTIC MEDIUMHAIR,10
2025,DOG,K9V,1,BULLDOG,1,,,,
2025,DOG,L1H,1,MASTIFF,1,,,,
2025,DOG,L4A,1,LABRADOR RETRIEVER,1,,,,
2025,DOG,M1B,365,SHIHTZU,35,LABRADOR RETRIEVER,34,GERMAN SHEPHERD DOG,25
2025,DOG,M1C,556,LABRADOR RETRIEVER,40,AMERICAN BULLDOG,37,SHIHTZU,37
2025,DOG,M1E,584,GOLDEN RETRIEVER,50,LABRADOR RETRIEVER,47,AMERICAN BULLDOG,43
2025,DOG,M1G,219,LABRADOR RETRIEVER,21,BORDER COLLIE,13,GERMAN SHEPHERD DOG,13
2025,DOG,M1H,168,GERMAN SHEPHERD DOG,13,SHIHTZU,12,GOLDEN RETRIEVER,11
2025,DOG,M1J,225,LABRADOR RETRIEVER,19,GOLDEN RETRIEVER,15,POODLE MINIATURE,14
2025,DOG,M1K,375,MASTIFF,32,LABRADOR RETRIEVER,27,SIBERIAN HUSKY,27
2025,DOG,M1L,298,LABRADOR RETRIEVER,29,GOLDEN RETRIEVER,22,GERMAN SHEPHERD DOG,20
2025,DOG,M1M,455,ROTTWEILER,64,LABRADOR RETRIEVER,39,GOLDEN RETRIEVER,35
2025,DOG,M1N,550,LABRADOR RETRIEVER,64,GOLDEN RETRIEVER,47,GERMAN SHEPHERD DOG,28
2025,DOG,M1P,336,LABRADOR RETRIEVER,48,GERMAN SHEPHERD DOG,39,GOLDEN RETRIEVER,24
2025,DOG,M1R,281,LABRADOR RETRIEVER,31,GERMAN SHEPHERD DOG,20,GOLDEN RETRIEVER,17
2025,DOG,M1S,258,GOLDEN RETRIEVER,22,LABRADOR RETRIEVER,19,GERMAN SHEPHERD DOG,15
2025,DOG,M1T,285,SHIHTZU,25,AMERICAN BULLDOG,19,LABRADOR RETRIEVER,19
2025,DOG,M1V,263,GERMAN SHEPHERD DOG,22,GOLDEN RETRIEVER,18,LABRADOR RETRIEVER,17
2025,DOG,M1W,323,LABRADOR RETRIEVER,22,POODLE MINIATURE,22,GOLDEN RETRIEVER,20
2025,DOG,M1X,66,SHIHTZU,12,LABRADOR RETRIEVER,8,GOLDEN RETRIEVER,5
2025,DOG,M2H,260,GERMAN SHEPHERD DOG,53,GOLDEN RETRIEVER,23,LABRADOR RETRIEVER,16
2025,DOG,M2J,547,LABRADOR RETRIEVER,37,SHIHTZU,33,GERMAN SHEPHERD DOG,29
2025,DOG,M2K,316,COCKER SPANIEL,22,GOLDEN RETRIEVER,22,LABRADOR RETRIEVER,19
2025,DOG,M2L,227,GOLDEN RETRIEVER,27,LABRADOR RETRIEVER,19,GERMAN SHEPHERD DOG,13
2025,DOG,M2M,234,GOLDEN RETRIEVER,25,GERMAN SHEPHERD DOG,16,SIBERIAN HUSKY,16
2025,DOG,M2N,776,GOLDEN RETRIEVER,53,LABRADOR RETRIEVER,47,COCKER SPANIEL,45
2025,DOG,M2P,147,GOLDEN RETRIEVER,17,GERMAN SHEPHERD DOG,10,LABRADOR RETRIEVER,9
2025,DOG,M2R,350,GOLDEN RETRIEVER,34,LABRADOR RETRIEVER,34,SHIHTZU,28
2025,DOG,M3A,419,LABRADOR RETRIEVER,37,GOLDEN RETRIEVER,34,GERMAN SHEPHERD DOG,26
2025,DOG,M3B,224,AMERICAN BULLDOG,26,GOLDEN RETRIEVER,18,GERMAN SHEPHERD DOG,14
2025,DOG,M3C,260,LABRADOR RETRIEVER,31,GOLDEN RETRIEVER,22,POODLE MINIATURE,21
2025,DOG,M3H,541,GOLDEN RETRIEVER,52,LABRADOR RETRIEVER,37,COCKER SPANIEL,32
2025,DOG,M3J,168,CHIHUAHUA SHORTHAIR,14,GERMAN SHEPHERD DOG,14,SHIHTZU,12
2025,DOG,M3K,75,LABRADOR RETRIEVER,8,GERMAN SHEPHERD DOG,5,GOLDEN RETRIEVER,5
2025,DOG,M3L,160,AMERICAN BULLDOG,31,GERMAN SHEPHERD DOG,15,CHIHUAHUA SHORTHAIR,10
2025,DOG,M3M,237,AMERICAN BULLDOG,42,GERMAN SHEPHERD DOG,30,SHIHTZU,18
2025,DOG,M3N,189,SHIHTZU,18,GERMAN SHEPHERD DOG,16,CHIHUAHUA SHORTHAIR,15
2025,DOG,M4A,131,GOLDEN RETRIEVER,13,AMERICAN BULLDOG,11,LABRADOR RETRIEVER,9
2025,DOG,M4B,332,GERMAN SHEPHERD DOG,22,LABRADOR RETRIEVER,22,GOLDEN RETRIEVER,19
2025,DOG,M4C,833,LABRADOR RETRIEVER,89,GOLDEN RETRIEVER,55,GERMAN SHEPHERD DOG,47
2025,DOG,M4E,871,LABRADOR RETRIEVER,99,GOLDEN RETRIEVER,92,ROTTWEILER,34
2025,DOG,M4G,531,GOLDEN RETRIEVER,73,LABRADOR RETRIEVER,70,COCKER SPANIEL,25
2025,DOG,M4H,29,YORKSHIRE TERRIER,4,SHIHTZU,3,AKITA,2
2025,DOG,M4J,812,LABRADOR RETRIEVER,111,GOLDEN RETRIEVER,64,GERMAN SHEPHERD DOG,44
2025,DOG,M4K,730,LABRADOR RETRIEVER,72,GOLDEN RETRIEVER,54,GERMAN SHEPHERD DOG,31
2025,DOG,M4L,1007,LABRADOR RETRIEVER,124,GOLDEN RETRIEVER,83,GERMAN SHEPHERD DOG,42
2025,DOG,M4M,625,LABRADOR RETRIEVER,58,GOLDEN RETRIEVER,48,UNKNOWN,28
2025,DOG,M4N,450,GOLDEN RETRIEVER,65,LABRADOR RETRIEVER,61,COCKER SPANIEL,29
2025,DOG,M4P,490,LABRADOR RETRIEVER,50,GOLDEN RETRIEVER,44,BERNESE MOUNTAIN DOG,22
2025,DOG,M4R,321,GOLDEN RETRIEVER,44,LABRADOR RETRIEVER,37,POODLE MINIATURE,18
2025,DOG,M4S,719,LABRADOR RETRIEVER,97,GOLDEN RETRIEVER,68,POODLE MINIATURE,30
2025,DOG,M4T,313,LABRADOR RETRIEVER,39,GOLDEN RETRIEVER,30,POODLE STANDARD,22
2025,DOG,M4V,551,LABRADOR RETRIEVER,57,GOLDEN RETRIEVER,56,POODLE MINIATURE,28
2025,DOG,M4W,433,GOLDEN RETRIEVER,75,LABRADOR RETRIEVER,45,POODLE MINIATURE,19
2025,DOG,M4X,260,LABRADOR RETRIEVER,31,GOLDEN RETRIEVER,21,BORDER COLLIE,16
2025,DOG,M4Y,492,LABRADOR RETRIEVER,39,GERMAN SHEPHERD DOG,21,MALTESE,21
2025,DOG,M5A,993,LABRADOR RETRIEVER,72,GOLDEN RETRIEVER,65,GERMAN SHEPHERD DOG,61
2025,DOG,M5B,183,LABRADOR RETRIEVER,16,GOLDEN RETRIEVER,12,SHIHTZU,9
2025,DOG,M5C,53,SHIBA INU,4,COCKER SPANIEL,3,POODLE MINIATURE,3
2025,DOG,M5E,188,CHIHUAHUA SHORTHAIR,13,LABRADOR RETRIEVER,13,GOLDEN RETRIEVER,12
2025,DOG,M5G,70,GOLDEN RETRIEVER,8,AUSTRALIAN SHEPHERD,7,UNKNOWN,6
2025,DOG,M5H,34,LABRADOR RETRIEVER,5,DACHSHUND MINIATURE,3,GOLDEN RETRIEVER,3
2025,DOG,M5J,209,UNKNOWN,21,LABRADOR RETRIEVER,17,SIBERIAN HUSKY,13
2025,DOG,M5L,1,AUSTRALIAN SHEPHERD,1,,,,
2025,DOG,M5M,680,GOLDEN RETRIEVER,81,LABRADOR RETRIEVER,71,POODLE MINIATURE,44
2025,DOG,M5N,353,GOLDEN RETRIEVER,47,LABRADOR RETRIEVER,35,AUSTRALIAN SHEPHERD,21
2025,DOG,M5P,458,LABRADOR RETRIEVER,49,GOLDEN RETRIEVER,48,POODLE MINIATURE,26
2025,DOG,M5R,577,LABRADOR RETRIEVER,52,GOLDEN RETRIEVER,50,POODLE MINIATURE,34
2025,DOG,M5S,198,LABRADOR RETRIEVER,16,GOLDEN RETRIEVER,12,AUSTRALIAN SHEPHERD,10
2025,DOG,M5T,206,LABRADOR RETRIEVER,18,CHIHUAHUA SHORTHAIR,16,GOLDEN RETRIEVER,11
2025,DOG,M5V,1049,GOLDEN RETRIEVER,88,LABRADOR RETRIEVER,70,COCKER SPANIEL,51
2025,DOG,M6A,203,GERMAN SHEPHERD DOG,22,GOLDEN RETRIEVER,20,SHIHTZU,18
2025,DOG,M6B,341,GOLDEN RETRIEVER,38,POODLE STANDARD,30,LABRADOR RETRIEVER,29
2025,DOG,M6C,504,LABRADOR RETRIEVER,75,GOLDEN RETRIEVER,44,POODLE MINIATURE,27
2025,DOG,M6E,551,LABRADOR RETRIEVER,48,AMERICAN BULLY,38,SHIHTZU,35
2025,DOG,M6G,642,LABRADOR RETRIEVER,78,GOLDEN RETRIEVER,71,GERMAN SHEPHERD DOG,30
2025,DOG,M6H,756,LABRADOR RETRIEVER,94,GOLDEN RETRIEVER,53,GERMAN SHEPHERD DOG,47
2025,DOG,M6J,551,LABRADOR RETRIEVER,52,GOLDEN RETRIEVER,36,COCKER SPANIEL,25
2025,DOG,M6K,765,LABRADOR RETRIEVER,67,CHIHUAHUA SHORTHAIR,37,GOLDEN RETRIEVER,37
2025,DOG,M6L,187,SHIHTZU,17,GOLDEN RETRIEVER,12,LABRADOR RETRIEVER,10
2025,DOG,M6M,375,SHIHTZU,28,MALTESE,23,GERMAN SHEPHERD DOG,19
2025,DOG,M6N,590,LABRADOR RETRIEVER,45,GOLDEN RETRIEVER,28,GERMAN SHEPHERD DOG,27
2025,DOG,M6P,951,LABRADOR RETRIEVER,101,GOLDEN RETRIEVER,76,POODLE MINIATURE,37
2025,DOG,M6R,478,LABRADOR RETRIEVER,57,GOLDEN RETRIEVER,40,POODLE MINIATURE,22
2025,DOG,M6S,811,LABRADOR RETRIEVER,105,GOLDEN RETRIEVER,78,POODLE MINIATURE,37
2025,DOG,M8V,820,LABRADOR RETRIEVER,78,GOLDEN RETRIEVER,58,GERMAN SHEPHERD DOG,33
2025,DOG,M8W,501,LABRADOR RETRIEVER,53,GOLDEN RETRIEVER,35,SHIHTZU,30
2025,DOG,M8X,289,LABRADOR RETRIEVER,37,GOLDEN RETRIEVER,34,SHIHTZU,17
2025,DOG,M8Y,396,GOLDEN RETRIEVER,39,LABRADOR RETRIEVER,37,GERMAN SHEPHERD DOG,19
2025,DOG,M8Z,414,GOLDEN RETRIEVER,40,LABRADOR RETRIEVER,39,GERMAN SHEPHERD DOG,23
2025,DOG,M9A,635,LABRADOR RETRIEVER,67,GOLDEN RETRIEVER,56,CHIHUAHUA SHORTHAIR,37
2025,DOG,M9B,580,LABRADOR RETRIEVER,68,GOLDEN RETRIEVER,60,POODLE MINIATURE,33
2025,DOG,M9C,606,LABRADOR RETRIEVER,50,GOLDEN RETRIEVER,43,COCKER SPANIEL,37
2025,DOG,M9L,71,SHIHTZU,9,AMERICAN BULLY,7,CHIHUAHUA SHORTHAIR,5
2025,DOG,M9M,141,SHIHTZU,14,AMERICAN BULLDOG,10,LABRADOR RETRIEVER,9
2025,DOG,M9N,265,LABRADOR RETRIEVER,26,SHIHTZU,15,AMERICAN BULLDOG,13
2025,DOG,M9P,249,LABRADOR RETRIEVER,30,CHIHUAHUA SHORTHAIR,15,SHIHTZU,13
2025,DOG,M9R,313,LABRADOR RETRIEVER,23,GERMAN SHEPHERD DOG,20,SHIHTZU,18
2025,DOG,M9V,257,ALASKAN KLEE KAI,27,GERMAN SHEPHERD DOG,20,LABRADOR RETRIEVER,17
2025,DOG,M9W,365,ROTTWEILER,36,GERMAN SHEPHERD DOG,34,LABRADOR RETRIEVER,29
